{
"type": "FeatureCollection",
"name": "Heat-Access Priority Index",
"crs": { "type": "name", "properties": { "name": "urn:ogc:def:crs:EPSG::28992" } },
"features": [
{ "type": "Feature", "properties": { "unit_id": 0, "unit_name": "De Wolden", "heat_exposure_index_mean": null, "access_median": null, "population_sum": null, "vulnerability_score": null }, "geometry": { "type": "MultiPolygon", "coordinates": [ [ [ [ 231291.816822423774283, 518169.11327442410402 ], [ 231542.008943668392021, 515448.496121118660085 ], [ 231261.748685497062979, 518125.619677340786438 ], [ 231249.669185482664034, 518239.141477402474266 ], [ 232233.640050788293593, 519122.562465366674587 ], [ 231291.816822423774283, 518169.11327442410402 ] ] ], [ [ [ 229066.153792921308195, 515113.403194711194374 ], [ 229267.680183790769661, 515179.710475729661994 ], [ 229742.030184214236215, 515195.740475716069341 ], [ 230702.530185075243935, 514955.020475565630477 ], [ 230961.561620875756489, 514756.070019933744334 ], [ 229066.153792921308195, 515113.403194711194374 ] ] ], [ [ [ 228283.32865160953952, 515784.959411042858846 ], [ 227918.336274063767632, 515624.320033642987255 ], [ 227865.53104519090266, 515501.862653144344222 ], [ 227918.950182577507803, 515689.340476046665572 ], [ 228129.750182764866622, 515741.480476066237316 ], [ 228314.525082928012125, 515822.956076112342998 ], [ 228477.942183075763751, 515780.176476083113812 ], [ 228515.28617159841815, 515571.683906803489663 ], [ 228283.32865160953952, 515784.959411042858846 ] ] ], [ [ [ 227546.578068039612845, 514762.198288120154757 ], [ 227444.58966101706028, 514741.682831335347146 ], [ 227578.98517439365969, 514837.351628771575633 ], [ 227546.578068039612845, 514762.198288120154757 ] ] ], [ [ [ 226965.396034589008195, 514645.290737159724813 ], [ 226712.818163839488989, 514748.213919023168273 ], [ 226999.096464122529142, 514652.069740047503728 ], [ 226965.396034589008195, 514645.290737159724813 ] ] ], [ [ [ 225598.649042623466812, 516110.173547303420492 ], [ 225370.632138609798858, 515836.545760935870931 ], [ 225337.79728027395322, 515949.206076246453449 ], [ 225479.99018039467046, 516137.760476350493263 ], [ 225692.940180586621864, 516160.980476360826287 ], [ 225806.710180689144181, 516095.350476320716552 ], [ 225863.790180741634686, 515945.290476229507476 ], [ 225918.608395531686256, 515452.692056606407277 ], [ 225598.649042623466812, 516110.173547303420492 ] ] ], [ [ [ 224867.104784131894121, 515232.296369965129998 ], [ 224962.57017995021306, 515485.060475989885163 ], [ 225188.568173012958141, 515618.063012478873134 ], [ 224867.104784131894121, 515232.296369965129998 ] ] ], [ [ [ 224143.301461422641296, 515316.954178210522514 ], [ 223990.132320241711568, 515056.055595975427423 ], [ 223986.247179090452846, 515061.533475770207588 ], [ 224005.49817910179263, 515252.133475881069899 ], [ 224258.092179324303288, 515387.518475950637367 ], [ 224339.811879400338512, 515301.91167590545956 ], [ 224362.135468743654201, 515263.589204715040978 ], [ 224143.301461422641296, 515316.954178210522514 ] ] ], [ [ [ 223309.08542100910563, 514868.385640710417647 ], [ 223091.337566467002034, 514724.44264286395628 ], [ 223172.658178367477376, 514885.955475686932914 ], [ 223339.244178513996303, 514949.093475720903371 ], [ 223506.185909690277185, 514868.224270456645172 ], [ 223309.08542100910563, 514868.385640710417647 ] ] ], [ [ [ 222640.133668753376696, 514426.172692909662146 ], [ 222699.612177954346407, 514477.268475468736142 ], [ 222734.840228468587156, 514488.778802851855289 ], [ 222640.133668753376696, 514426.172692909662146 ] ] ], [ [ [ 222291.958862809638958, 514648.578618233150337 ], [ 222376.175177662575152, 514698.215475597651675 ], [ 222440.902332601544913, 514528.182011602679268 ], [ 222291.958862809638958, 514648.578618233150337 ] ] ], [ [ [ 221981.334532894863514, 515270.994993955653626 ], [ 222043.850177356915083, 515179.740475878701545 ], [ 222026.339616544166347, 515044.695470773149282 ], [ 221981.334532894863514, 515270.994993955653626 ] ] ], [ [ [ 221820.779243434226373, 516078.316800809639972 ], [ 221751.031164998217719, 516228.257617298397236 ], [ 221851.588177164027002, 516120.059476415277459 ], [ 221895.509177208936308, 515847.089476260822266 ], [ 221877.426590247370768, 515793.476366487564519 ], [ 221820.779243434226373, 516078.316800809639972 ] ] ], [ [ [ 221399.897302777506411, 516983.107058011519257 ], [ 221465.798176804848481, 516910.7754768691957 ], [ 221459.562045207363553, 516854.84287645801669 ], [ 221399.897302777506411, 516983.107058011519257 ] ] ], [ [ [ 221006.824055218079593, 517828.115623129706364 ], [ 220737.184672743460396, 518011.641403086832725 ], [ 220800.44617618760094, 518001.205477497307584 ], [ 221119.498176478198729, 517740.98347734392155 ], [ 221117.771298513398506, 517589.606969989661593 ], [ 221006.824055218079593, 517828.115623129706364 ] ] ], [ [ [ 219378.29306970408652, 518936.549474883300718 ], [ 219589.138075090770144, 518893.917078022263013 ], [ 219658.309954039257718, 518745.960412457992788 ], [ 219378.29306970408652, 518936.549474883300718 ] ] ], [ [ [ 218646.737675087846583, 520263.233463578973897 ], [ 218731.121174301661085, 520186.121478766552173 ], [ 218678.839174257329432, 520183.175478764169384 ], [ 218673.560174251411809, 520100.292478715942707 ], [ 218644.494040572084486, 520043.951598463405389 ], [ 218646.737675087846583, 520263.233463578973897 ] ] ], [ [ [ 218647.317590130493045, 520319.911523784219753 ], [ 218278.986050331324805, 520711.344235876458697 ], [ 217750.469616935355589, 520572.753229133493733 ], [ 217755.792173425055807, 520621.550479030644055 ], [ 217881.452173536614282, 520630.833479030115996 ], [ 217875.731173529900843, 520675.474479055323172 ], [ 218026.165173664514441, 520658.042479037248995 ], [ 218067.576273699902231, 520733.886479079956189 ], [ 218266.522173877659952, 520740.890479083987884 ], [ 218566.511174147250131, 520607.804479005862959 ], [ 218690.035174262826331, 520334.71547884948086 ], [ 218646.827332496090094, 520271.99614019296132 ], [ 218647.317590130493045, 520319.911523784219753 ] ] ], [ [ [ 216881.013004195760004, 520344.758677469973918 ], [ 216924.357172690797597, 520379.664478910970502 ], [ 216953.281095702375751, 520363.709285103774164 ], [ 216881.013004195760004, 520344.758677469973918 ] ] ], [ [ [ 216427.493540823110379, 519952.906682286178693 ], [ 216427.293172257399419, 519953.998478677531239 ], [ 216583.532172390434425, 520266.658478849101812 ], [ 216671.890044020488858, 520231.130622271739412 ], [ 216427.493540823110379, 519952.906682286178693 ] ] ], [ [ [ 215408.149816581601044, 520495.038691984605975 ], [ 214991.562498873478035, 520213.296409165603109 ], [ 215023.609171000338392, 520306.078478904324584 ], [ 215140.785171102674212, 520353.717478924780153 ], [ 215212.738171165023232, 520534.591479023336433 ], [ 215250.812171196826966, 520491.532479004701599 ], [ 215327.968171264103148, 520549.449479034170508 ], [ 215575.904171487112762, 520459.931478979357053 ], [ 215699.356471600243822, 520343.914078913338017 ], [ 215766.041171660966938, 520325.689478901564144 ], [ 215755.407678973366274, 520256.65646455460228 ], [ 215408.149816581601044, 520495.038691984605975 ] ] ] ] } },
{ "type": "Feature", "properties": { "unit_id": 1, "unit_name": "Twenterand", "heat_exposure_index_mean": 0.09881096191925727, "access_median": 2324.7872477795395, "population_sum": 33438.73, "vulnerability_score": 0.20359320677979403 }, "geometry": { "type": "Polygon", "coordinates": [ [ [ 237498.207761292957002, 499672.065118897589855 ], [ 238303.723853578732815, 498367.872670318116434 ], [ 239178.168094518041471, 499092.751431669981685 ], [ 240703.456260502367513, 499126.126079038309399 ], [ 240701.111100875015836, 499768.906346320407465 ], [ 241040.22146129689645, 500197.890634954266716 ], [ 241115.420560248836409, 500789.396063609980047 ], [ 242001.368982482468709, 501494.915003830392379 ], [ 244006.016549513908103, 500654.769842920824885 ], [ 244005.23219729916309, 500648.109467075031716 ], [ 245388.583198558539152, 499764.464466526347678 ], [ 245391.260860057664104, 499763.32105154695455 ], [ 243751.837499188026413, 496426.761558879050426 ], [ 242727.733296916878317, 495951.689845721411984 ], [ 242444.607478819263633, 495467.473249646427575 ], [ 242686.480726893380051, 494270.523059834027663 ], [ 242326.133096430741716, 492901.317679146421142 ], [ 244262.575123599963263, 490352.951848661992699 ], [ 243236.909489570272854, 490120.034934047143906 ], [ 242772.000840100052301, 490473.091475713124964 ], [ 242198.476291158091044, 489804.593720784469042 ], [ 241114.473943172837608, 490738.319447372981813 ], [ 240289.878524292114889, 490788.594501077022869 ], [ 238579.703033101803157, 489510.953532449377235 ], [ 238144.994529605057323, 489683.514811825240031 ], [ 237486.513986127538374, 489107.416166951647028 ], [ 235871.495141919294838, 492840.593286590010393 ], [ 235720.994781562651042, 493507.472846603021026 ], [ 237290.37266698863823, 495316.541546202963218 ], [ 237134.278838537749834, 496932.313125048531219 ], [ 235069.317155645519961, 496045.537797855504323 ], [ 233535.842525792890228, 496515.717462028143927 ], [ 232872.952989356010221, 496059.837109105545096 ], [ 232464.223188676987775, 495378.193636546959169 ], [ 231362.458000153535977, 494982.749167843372561 ], [ 229019.043412950413767, 495383.396978370437864 ], [ 227240.857956679770723, 497575.994300360383932 ], [ 227506.490336399700027, 498414.930336124671157 ], [ 228054.378443923866143, 498943.194097946805414 ], [ 230693.500573423982132, 499949.279239603434689 ], [ 231174.124216668191366, 500897.960190424870234 ], [ 234296.131663283624221, 500610.443325193540659 ], [ 237073.623582890082616, 499863.862013869686052 ], [ 237498.207761292957002, 499672.065118897589855 ] ] ] } },
{ "type": "Feature", "properties": { "unit_id": 2, "unit_name": "Westerveld", "heat_exposure_index_mean": null, "access_median": null, "population_sum": null, "vulnerability_score": null }, "geometry": { "type": "MultiPolygon", "coordinates": [ [ [ [ 208020.093981186335441, 532039.464844875503331 ], [ 209372.810645069053862, 533521.886153978761286 ], [ 209846.678261578083038, 534441.23395421274472 ], [ 208318.089044754742645, 536488.131321981432848 ], [ 208108.064180843735812, 536674.528139647562057 ], [ 208264.082164699502755, 536581.15048803423997 ], [ 208485.173464904015418, 536270.102587867411785 ], [ 208804.263165192591259, 535849.605587626923807 ], [ 209761.330666061898228, 534592.08828692312818 ], [ 209941.203166227700422, 534356.831486790790223 ], [ 209415.869165773969144, 533539.303486348711886 ], [ 208816.365965255623451, 532854.005985981202684 ], [ 208267.549164776399266, 532279.89348567975685 ], [ 208021.959164562809747, 532038.456485546543263 ], [ 208021.231734736007638, 532036.775676660239697 ], [ 208020.093981186335441, 532039.464844875503331 ] ] ], [ [ [ 206558.062524860550184, 538050.782756696804427 ], [ 206930.343163497047499, 537811.402488726191223 ], [ 207281.607982759305742, 537408.28177115379367 ], [ 206558.062524860550184, 538050.782756696804427 ] ] ], [ [ [ 206264.648200167255709, 538406.123392774024978 ], [ 205852.623702089127619, 538971.663674364914186 ], [ 206428.823263045691419, 538351.904189035762101 ], [ 206542.911163146520266, 538229.514488961896859 ], [ 206417.741911333432654, 538196.146041894098744 ], [ 206264.648200167255709, 538406.123392774024978 ] ] ], [ [ [ 204373.251079777546693, 541002.234218841185793 ], [ 204953.067161707556807, 540324.863490134943277 ], [ 205007.405868813948473, 540131.800349892233498 ], [ 204373.251079777546693, 541002.234218841185793 ] ] ] ] } },
{ "type": "Feature", "properties": { "unit_id": 3, "unit_name": "Rijssen-Holten", "heat_exposure_index_mean": 0.11874656068035978, "access_median": 2646.38222969545, "population_sum": 38825.566, "vulnerability_score": 0.2501160653977933 }, "geometry": { "type": "Polygon", "coordinates": [ [ [ 224909.527555056964047, 473269.257080569979735 ], [ 224605.869601242622593, 473258.107135460071731 ], [ 224350.293180286796996, 473287.78845141857164 ], [ 224331.867139395559207, 473285.852804016787559 ], [ 224319.804661363537889, 473287.671856156084687 ], [ 223488.076453129469883, 473204.824796012195293 ], [ 223213.712678091018461, 473259.568387582083233 ], [ 223158.09646465870901, 473284.697457599220797 ], [ 223037.353179097466636, 473352.372451485891361 ], [ 222956.256481896329205, 473523.769298887229525 ], [ 222937.671692340867594, 473581.365867503802292 ], [ 222571.684109530993737, 474246.515214283077512 ], [ 222430.359931635379326, 475085.292474030691665 ], [ 220213.307422165147727, 476752.765179236826953 ], [ 219333.389268296217779, 477415.149224088701885 ], [ 219075.854635494819377, 479715.814872823073529 ], [ 220161.821106244547991, 480657.696769142115954 ], [ 221042.36110705966712, 481588.219833619776182 ], [ 223537.49341791254119, 482074.325746058137156 ], [ 224254.663271520519629, 482182.364194952184334 ], [ 225534.930349261354422, 482455.585794945363887 ], [ 226068.98829593512346, 482404.263441261951812 ], [ 228209.068362513615284, 481867.547775512677617 ], [ 228696.238489703973755, 482604.89861432951875 ], [ 230773.875686291139573, 482327.103363757603802 ], [ 232152.296173406182788, 482487.262528282532003 ], [ 232703.497459240985336, 482281.312945956073236 ], [ 233248.242364947189344, 481535.17140838643536 ], [ 233950.769088375061983, 481675.644502863346133 ], [ 234395.140370466426248, 480535.099694035714492 ], [ 234529.394157310016453, 479501.744541057327297 ], [ 234369.208532959717559, 478443.296020215493627 ], [ 234615.505847742198966, 477894.718551274039783 ], [ 232371.802149360417388, 477839.913472532411106 ], [ 230003.236369734979235, 476877.595539540925529 ], [ 226437.192387124639936, 474379.360942247440107 ], [ 225312.744415736931842, 473188.004038509621751 ], [ 224909.527555056964047, 473269.257080569979735 ] ] ] } },
{ "type": "Feature", "properties": { "unit_id": 4, "unit_name": "Olst-Wijhe", "heat_exposure_index_mean": 0.025031304615681819, "access_median": 5033.1137416502324, "population_sum": 18246.105, "vulnerability_score": 0.24771470344810845 }, "geometry": { "type": "Polygon", "coordinates": [ [ [ 202329.908822633326054, 487310.433572908281349 ], [ 202972.863665723998565, 487509.069962207518984 ], [ 203208.446160951978527, 487565.303460259747226 ], [ 204446.609162065200508, 487952.291460471402388 ], [ 204503.247014725668123, 487981.871164276439231 ], [ 204642.425958789826836, 488024.869522889785003 ], [ 204681.811684939952102, 488075.128408449410927 ], [ 204953.488362518459326, 488217.014360618020874 ], [ 205141.890262682340108, 488416.570160735864192 ], [ 205287.176162809279049, 488722.975460915127769 ], [ 205309.860062828694936, 488946.575361048104241 ], [ 205304.076094802905573, 489003.036735948291607 ], [ 205492.835303976142313, 490218.545572476054076 ], [ 205552.471563024853822, 490344.128861862351187 ], [ 205590.522063055017497, 490497.449461953423452 ], [ 205454.046855396736646, 490468.951928592461627 ], [ 204538.719286793086212, 491207.864240056311246 ], [ 204514.505162075365661, 491266.287462418549694 ], [ 204434.253245178784709, 491292.196064996824134 ], [ 204320.647616078960709, 491383.905963040771894 ], [ 204372.395992678153561, 491726.825069905549753 ], [ 204498.486162051180145, 492075.106462893425487 ], [ 204450.679069796286058, 492245.580722781305667 ], [ 204574.814156828622799, 493068.182241383648943 ], [ 204722.945162231859285, 493455.847463698592037 ], [ 204715.779162221238948, 493655.288463814300485 ], [ 204673.495848621998448, 493722.112660801212769 ], [ 204721.384892993723042, 494039.457269536622334 ], [ 204800.515762290277053, 494155.638064107275568 ], [ 204428.793161949433852, 494717.245464434905443 ], [ 204168.449991691362811, 494950.071156540128868 ], [ 204132.58709156740224, 495000.034733199689072 ], [ 206123.157534592202865, 495192.320833482954185 ], [ 206699.397939933085581, 495533.180725946498569 ], [ 207162.810176134458743, 496434.108102269587107 ], [ 207557.651840492821066, 496133.532033103576396 ], [ 208296.512295152584556, 494906.688012642029207 ], [ 208753.789570049149916, 494147.757417685410473 ], [ 212248.510653317760443, 493054.510242404357996 ], [ 211907.921476335468469, 491552.468129704066087 ], [ 212394.849486576305935, 490303.90201889135642 ], [ 212353.350482076551998, 489645.375158355163876 ], [ 211655.426296893419931, 489056.767263035755605 ], [ 210807.216506268508965, 488952.255900077230763 ], [ 210481.196070248144679, 488451.135880786925554 ], [ 210390.444882215757389, 487620.559024066023994 ], [ 209754.353676279773936, 487649.05403861409286 ], [ 209622.76744456437882, 487001.78069194580894 ], [ 210265.948135572922183, 485289.968793521518819 ], [ 211888.415989376720972, 484677.538320224557538 ], [ 212627.595141911675455, 484008.526138207758777 ], [ 212830.396513542626053, 481663.138606454944238 ], [ 210881.25786846151459, 481763.010355563194025 ], [ 210431.418592741130851, 481299.554487835033797 ], [ 209251.663820431916974, 481035.885184865968768 ], [ 209076.686189779720735, 480411.810214821773116 ], [ 208455.190614954481134, 480243.636312250979245 ], [ 204432.530526484479196, 479157.286249386786949 ], [ 203709.280308692163089, 479492.536974544229452 ], [ 202720.189987045247108, 479502.951672525086906 ], [ 202679.669160588615341, 479554.973455524072051 ], [ 202634.912622180505423, 479543.068112067063339 ], [ 202516.742102872522082, 480478.048575836990494 ], [ 202544.213160451094154, 480616.771456162678078 ], [ 202479.068309274705825, 480630.164987357449718 ], [ 202247.126647946162848, 481098.01306665095035 ], [ 202216.852160147973336, 481302.332456565403845 ], [ 201813.232159782259259, 481309.551456578425132 ], [ 201799.216452374472283, 481302.81172648089705 ], [ 201380.460011654358823, 481391.79745076445397 ], [ 201488.203055457852315, 481741.504490496707149 ], [ 201599.55415958352387, 481768.296456852403935 ], [ 201662.906159634527285, 482076.564457034342922 ], [ 201790.324610657553421, 482722.115683372423518 ], [ 201794.612672512594145, 482736.033662339556031 ], [ 201796.031469481764361, 482750.963904843374621 ], [ 201837.129159780946793, 482958.232457558740862 ], [ 201923.36915985608357, 483041.876457604812458 ], [ 201834.189364886202384, 483152.505946590739768 ], [ 201837.037224337051157, 483182.474457337288186 ], [ 201918.243159850942902, 483202.235457702598069 ], [ 201994.840159913204843, 483637.920457959931809 ], [ 201923.24390196413151, 484089.642029859882314 ], [ 201998.425287900317926, 484880.788577389088459 ], [ 202440.111777884390904, 485272.37083317572251 ], [ 202692.42416051789769, 485340.295458957669325 ], [ 203202.660960973647889, 485683.635759150609374 ], [ 203115.180160893010907, 485876.466459264513105 ], [ 202921.90316071693087, 486071.808459380757995 ], [ 202769.552160578576149, 486148.38845943112392 ], [ 202360.61250402679434, 486222.521930924558546 ], [ 202041.666145882831188, 486502.290964851446915 ], [ 202041.777939327294007, 486505.343637912650593 ], [ 202329.908822633326054, 487310.433572908281349 ] ] ] } },
{ "type": "Feature", "properties": { "unit_id": 5, "unit_name": "Dinkelland", "heat_exposure_index_mean": 0.024930873478378229, "access_median": 2994.2744083972925, "population_sum": 25564.041, "vulnerability_score": 0.14049471859701509 }, "geometry": { "type": "Polygon", "coordinates": [ [ [ 260075.814355343900388, 483539.844075021275785 ], [ 258163.242470934754238, 483821.069993680983316 ], [ 257749.630669146834407, 482997.719659470312763 ], [ 255525.805995162110776, 480655.389132212672848 ], [ 255593.02744585002074, 479933.968749350460712 ], [ 257892.295606243831571, 479390.513695385714527 ], [ 259044.539286701154197, 478592.421357921615709 ], [ 257060.839410146814771, 478231.12470757815754 ], [ 256662.143518459750339, 477427.199643552943598 ], [ 256172.540851425088476, 477175.748422694974579 ], [ 254178.793497875740286, 477469.382566285261419 ], [ 254891.332866983284475, 478285.866412045201287 ], [ 254685.042419201985467, 478930.94365323666716 ], [ 252846.231289831164759, 479874.678478618734516 ], [ 252737.436560623464175, 480143.813398177968338 ], [ 253022.580922030494548, 480734.283671288576443 ], [ 252932.354496444488177, 481012.315825108962599 ], [ 251475.385185781487962, 481565.332865075266454 ], [ 249564.949876394763123, 482150.051538836909458 ], [ 248739.4274989204132, 483253.078593790880404 ], [ 248503.773473451437894, 483568.06315472337883 ], [ 248526.49728429823881, 484339.009789427276701 ], [ 248585.629846470837947, 484662.816093903034925 ], [ 248709.742034537892323, 484816.954898471245542 ], [ 249577.361169161216822, 485333.040039283165243 ], [ 250264.434218607173534, 486736.875863129389472 ], [ 252422.340518116310704, 487292.582726655062288 ], [ 255035.500561599561479, 486894.516239616088569 ], [ 255456.812614807509817, 487188.766093977261335 ], [ 255387.266535380214918, 491820.545803021872416 ], [ 254662.553068489971338, 492892.793502408021595 ], [ 254812.889090473210672, 494252.115278709388804 ], [ 257770.307623384112958, 494966.598253642732743 ], [ 261053.809136094845599, 495035.222266657103319 ], [ 261074.730701015621889, 495454.45608456316404 ], [ 261084.150212694366928, 495457.950463578745257 ], [ 261498.12921305373311, 495835.331463787879329 ], [ 261758.914395252621034, 496074.676986378268339 ], [ 262004.112992693117121, 496296.0695142444456 ], [ 262052.056213534844574, 496258.339464017888531 ], [ 262078.569213553855661, 496298.842464040382765 ], [ 262070.042591629229719, 496355.598078934592195 ], [ 262143.355905988311861, 496421.793482014560141 ], [ 262434.468217401008587, 497140.588421932130586 ], [ 262646.191214018559549, 497614.338264781865291 ], [ 262740.737214096705429, 497803.086464883002918 ], [ 262872.356214204104617, 498065.892465032287873 ], [ 263038.087533458950929, 498631.00463934824802 ], [ 263071.209494799259119, 498712.787158596736845 ], [ 263869.575288571533747, 499056.778965549077839 ], [ 264527.413915437995456, 497696.915787791542243 ], [ 265279.978347464231774, 495318.441395904694218 ], [ 265420.798216587805655, 494719.65946301567601 ], [ 265717.822350275644567, 494464.379000940069091 ], [ 266224.69978101446759, 493944.897995477600489 ], [ 266418.842687359952834, 493530.671514647314325 ], [ 266636.268017727590632, 493019.804361989896279 ], [ 267126.791218204249162, 491910.97746132890461 ], [ 267214.333218285348266, 491808.364461262652185 ], [ 267472.005325139500201, 491810.771715164650232 ], [ 267649.409867203386966, 491764.0904168622219 ], [ 267652.502218677313067, 491762.323461221880279 ], [ 268254.122219221782871, 491567.303461085422896 ], [ 268315.551651872345246, 491588.805370605376083 ], [ 268684.553081337711774, 491491.708274879958481 ], [ 268762.168581926205661, 491281.217020703828894 ], [ 268766.675219693162944, 491136.886460821027867 ], [ 268903.012176184274722, 490899.252792253799271 ], [ 269586.080784248537384, 489046.788182612624951 ], [ 269732.601652144920081, 488577.676372329646256 ], [ 267648.547753006103449, 488024.150266644428484 ], [ 266972.641968542709947, 487896.23416468151845 ], [ 265371.582159308600239, 487461.915591797209345 ], [ 263842.673329822253436, 488348.842666506359819 ], [ 262835.485407094587572, 489175.878525078529492 ], [ 262294.01882780023152, 487357.516173763840925 ], [ 262850.295872955815867, 485738.446788906760048 ], [ 262561.704921783646569, 485679.504682027501985 ], [ 262310.072655598982237, 485556.829913479276001 ], [ 262076.889323195879115, 485335.679978695814498 ], [ 261700.661667930980911, 484787.069712157477625 ], [ 261585.075401782785775, 484503.044926541217137 ], [ 261763.870989668095717, 484040.7369464210351 ], [ 261187.987722508260049, 483891.589769581914879 ], [ 260672.403654368390562, 483891.158071224635933 ], [ 260075.814355343900388, 483539.844075021275785 ] ] ] } },
{ "type": "Feature", "properties": { "unit_id": 6, "unit_name": "Berkelland", "heat_exposure_index_mean": null, "access_median": 5402.1936240422447, "population_sum": 159.88136, "vulnerability_score": null }, "geometry": { "type": "MultiPolygon", "coordinates": [ [ [ [ 230592.665462746168487, 466079.05795200902503 ], [ 231696.003398028056836, 466370.761486096074805 ], [ 230829.165186296391767, 466024.343446905200835 ], [ 230595.522267522785114, 466045.778313156799413 ], [ 230592.665462746168487, 466079.05795200902503 ] ] ], [ [ [ 234927.251949049241375, 466120.471469117095694 ], [ 235341.729872273921501, 466212.100584988133051 ], [ 234899.138189978373703, 466100.488446865987498 ], [ 233527.772837393800728, 466315.486737812985666 ], [ 234927.251949049241375, 466120.471469117095694 ] ] ], [ [ [ 238283.247572961379774, 465124.164304067147896 ], [ 238599.044464730628533, 464808.923140180646442 ], [ 238479.607193249365082, 464754.564445964817423 ], [ 238163.142192951199831, 465248.945446273486596 ], [ 238182.970192962791771, 465427.384446381649468 ], [ 238260.358823023649165, 465498.335454307263717 ], [ 238283.247572961379774, 465124.164304067147896 ] ] ], [ [ [ 239759.459962819877546, 465472.390329357062001 ], [ 239675.870194320043083, 465222.062446220545098 ], [ 239473.72519413853297, 465187.806446205708198 ], [ 239162.626693863421679, 464839.546746006933972 ], [ 238810.224193550733617, 464597.152445861254819 ], [ 238774.455759084637975, 464635.791245142230764 ], [ 239759.459962819877546, 465472.390329357062001 ] ] ], [ [ [ 240021.980419555999106, 465695.358285087859258 ], [ 240037.818791393801803, 465684.688938738661818 ], [ 239953.230194560717791, 465603.25244644790655 ], [ 239921.546263928408735, 465610.055986576538999 ], [ 240021.980419555999106, 465695.358285087859258 ] ] ], [ [ [ 240730.639821732853306, 465217.977612195769325 ], [ 241042.627736518799793, 465870.222209877101704 ], [ 241108.495925375813385, 465828.544598643376958 ], [ 241039.354195534338942, 465862.515446577162948 ], [ 240726.79019527125638, 465101.596446124371141 ], [ 240557.385592785227345, 465334.688432855647989 ], [ 240730.639821732853306, 465217.977612195769325 ] ] ], [ [ [ 242993.871873956290074, 464465.253021365497261 ], [ 242962.22719731068355, 464470.118445689731743 ], [ 242988.834025611868128, 464614.556109560944606 ], [ 242993.871873956290074, 464465.253021365497261 ] ] ], [ [ [ 242998.675359321059659, 464322.895580245007295 ], [ 242989.515197337372229, 464330.365445599891245 ], [ 242997.839342617953662, 464347.672006017121021 ], [ 242998.675359321059659, 464322.895580245007295 ] ] ], [ [ [ 243027.64614519677707, 463464.309234849235509 ], [ 242954.346197325998219, 463541.057445124257356 ], [ 242996.545197360304883, 463733.390445240773261 ], [ 242823.235197196510853, 463915.832445356470998 ], [ 243004.922968433413189, 464137.739682223182172 ], [ 243027.64614519677707, 463464.309234849235509 ] ] ], [ [ [ 243042.262266461504623, 463031.141760746948421 ], [ 242882.808197265956551, 463253.394444951496553 ], [ 242976.438197353389114, 463260.532444951415528 ], [ 243030.188711625174619, 463388.957022208720446 ], [ 243042.262266461504623, 463031.141760746948421 ] ] ], [ [ [ 242457.924254394019954, 460939.181040742492769 ], [ 244005.132333591667702, 460423.725867563509382 ], [ 243367.993197775795124, 460535.667443288199138 ], [ 243013.652297451044433, 460686.43534338491736 ], [ 242354.434796846180689, 460967.556943572242744 ], [ 242711.538197150221094, 461709.831444016483147 ], [ 242837.584699844563147, 461845.902050598815549 ], [ 242457.924254394019954, 460939.181040742492769 ] ] ], [ [ [ 246060.834521572396625, 459738.864961291896179 ], [ 247615.907619387609884, 459779.843966927030124 ], [ 247615.957201638142578, 459738.991442690603435 ], [ 246025.401200201013125, 459728.033442728687078 ], [ 245826.001333151070867, 459817.100063236721326 ], [ 246060.834521572396625, 459738.864961291896179 ] ] ] ] } },
{ "type": "Feature", "properties": { "unit_id": 7, "unit_name": "Zwartewaterland", "heat_exposure_index_mean": 0.045997376031815002, "access_median": 2438.1564286770658, "population_sum": 22209.541, "vulnerability_score": 0.13505220834753606 }, "geometry": { "type": "Polygon", "coordinates": [ [ [ 198041.031151099159615, 517342.980194990406744 ], [ 199084.009537873585941, 518173.490475233469624 ], [ 200206.005777532845968, 518328.959915304090828 ], [ 202250.068751450802665, 519739.419220245908946 ], [ 202924.712045813037548, 519877.174462904338725 ], [ 203277.22051585407462, 519605.32598230370786 ], [ 204540.794198699964909, 520302.704795213241596 ], [ 204470.722768290084787, 519896.123711218591779 ], [ 203562.312199802836403, 518989.439771898498293 ], [ 203373.836983474495355, 517357.916522008366883 ], [ 203019.481676868919749, 516449.620787131541874 ], [ 203126.384651800413849, 515730.017631554102991 ], [ 203516.680392763810232, 515485.510244403558318 ], [ 203672.223439976514783, 514985.178189156926237 ], [ 203584.402970757568255, 513303.007171065779403 ], [ 204767.362693851435324, 512294.262366885261144 ], [ 205115.559519826580072, 511518.937389381870162 ], [ 205461.009291629452491, 510749.991141472884919 ], [ 206531.855338094639592, 511027.580190737615339 ], [ 207156.366849373560399, 510665.690044443123043 ], [ 207788.417292520869523, 508950.934292234596796 ], [ 206135.985504425305407, 507504.467160680447705 ], [ 204585.957667997252429, 508028.911700759781525 ], [ 204078.245069697441068, 508446.679446763650049 ], [ 203832.582127801520983, 509096.60163898213068 ], [ 203507.286554097081535, 508973.49119206215255 ], [ 202598.971829583926592, 507431.827109727018978 ], [ 201309.795113111089449, 508162.53646560938796 ], [ 200760.906332570011728, 508994.125503461575136 ], [ 198794.923565493954811, 508169.516223342798185 ], [ 197418.845825121010421, 511013.008579663233832 ], [ 197233.474058203457389, 510936.834982961881906 ], [ 195505.926015218516113, 510227.395409250690136 ], [ 195212.341285137663363, 510526.387134055024944 ], [ 194874.859073672501836, 511424.92080061591696 ], [ 194643.866306683950825, 512040.130069681850728 ], [ 195851.59465478581842, 514183.320981141761877 ], [ 195924.662462382635567, 514798.686153299291618 ], [ 195598.19851000685594, 515258.557998961303383 ], [ 195678.480753816838842, 515341.25817640312016 ], [ 195571.594953719730256, 515446.864476466667838 ], [ 195623.360553763021016, 515658.93447658471996 ], [ 195793.762153917050455, 515483.196476479293779 ], [ 197212.249155170866288, 516808.97647720965324 ], [ 197371.022955306107178, 517052.30677735194331 ], [ 197324.259155265375739, 517065.332077355706133 ], [ 197350.215555287548341, 517099.462277373997495 ], [ 197702.892055603675544, 517019.97897732781712 ], [ 197858.150655744335381, 516897.979677257011645 ], [ 197858.365555745258462, 516983.466977302276064 ], [ 197984.349955856858287, 517079.189877356926445 ], [ 197947.902155819669133, 517201.215477424382698 ], [ 197902.087455778382719, 517237.040877448045649 ], [ 197766.675295250781346, 517445.407843596825842 ], [ 198041.031151099159615, 517342.980194990406744 ] ] ] } },
{ "type": "Feature", "properties": { "unit_id": 8, "unit_name": "De Fryske Marren", "heat_exposure_index_mean": null, "access_median": null, "population_sum": null, "vulnerability_score": null }, "geometry": { "type": "Polygon", "coordinates": [ [ [ 183487.813387539994437, 536357.763547944487073 ], [ 182510.988138240820263, 535551.279955064994283 ], [ 182510.650141860736767, 535551.920487809809856 ], [ 183506.44814273819793, 536376.851488251588307 ], [ 183980.259143156697974, 536691.768488420522772 ], [ 184002.732227570639225, 536700.107001046999358 ], [ 183487.813387539994437, 536357.763547944487073 ] ] ] } },
{ "type": "Feature", "properties": { "unit_id": 9, "unit_name": "Weststellingwerf", "heat_exposure_index_mean": null, "access_median": 7314.9082465396405, "population_sum": 237.08081, "vulnerability_score": null }, "geometry": { "type": "MultiPolygon", "coordinates": [ [ [ [ 201997.092028143175412, 539505.032659463468008 ], [ 202181.666159262123983, 539774.876489871763624 ], [ 202564.960159598587779, 539941.702489956747741 ], [ 204198.320463311800268, 540940.257209548726678 ], [ 201997.092028143175412, 539505.032659463468008 ] ] ], [ [ [ 199972.126290499261813, 539132.491982218576595 ], [ 200136.439819479099242, 538345.42362586047966 ], [ 200177.073435962607618, 538150.836999066639692 ], [ 200004.021157353417948, 538444.818489181692712 ], [ 199838.029157193814171, 539110.076489547383972 ], [ 199968.429057309578639, 539143.796289564925246 ], [ 200099.002157425304176, 539182.22448958165478 ], [ 200436.086457721918123, 539333.425889659789391 ], [ 201475.616893177939346, 539293.611140355933458 ], [ 199972.126290499261813, 539132.491982218576595 ] ] ], [ [ [ 199762.100958847498987, 537529.660816042916849 ], [ 199873.724157247313997, 537639.715488741989248 ], [ 200034.867788507166551, 537713.972286555333994 ], [ 199762.100958847498987, 537529.660816042916849 ] ] ], [ [ [ 197877.175757357937982, 537407.776005132007413 ], [ 197007.481452992680715, 537145.026769173913635 ], [ 196592.442747848370345, 537019.728514822199941 ], [ 196813.939154541003518, 537158.781488527776673 ], [ 197514.298155160213355, 537371.150488628540188 ], [ 197962.557155556161888, 537446.788488668971695 ], [ 198102.694155681121629, 537284.76948857633397 ], [ 198214.27595687835128, 537044.19192560412921 ], [ 197877.175757357937982, 537407.776005132007413 ] ] ], [ [ [ 195484.131634262594162, 537353.512327609700151 ], [ 195559.630153425066965, 537372.677488660090603 ], [ 195672.670153529033996, 537321.608488625613973 ], [ 195920.009153749822872, 537047.667488474631682 ], [ 196000.313206126942532, 536903.239117847522721 ], [ 195484.131634262594162, 537353.512327609700151 ] ] ], [ [ [ 194984.779884418967413, 538300.366317447973415 ], [ 194970.112921943364199, 538331.999268602347001 ], [ 195057.556152972043492, 538193.035489113652147 ], [ 195187.454862393235089, 537863.447435716283508 ], [ 194984.779884418967413, 538300.366317447973415 ] ] ], [ [ [ 194438.851389560382813, 539477.796848165453412 ], [ 194203.10259214360849, 539590.970855576801114 ], [ 193509.978367188887205, 539297.161329434486106 ], [ 193346.661054054711713, 538919.721553550800309 ], [ 193314.168151414720342, 539065.757489611394703 ], [ 193510.161151582200546, 539325.936489752028137 ], [ 194265.506152250512969, 539622.349489900399931 ], [ 194477.759152437094599, 539634.571489904890768 ], [ 194431.788152396213263, 539572.657489877776243 ], [ 194462.02415242625284, 539439.016489798668772 ], [ 194477.033422123262426, 539395.44780192989856 ], [ 194438.851389560382813, 539477.796848165453412 ] ] ], [ [ [ 192628.979727364261635, 539011.097682686289772 ], [ 192479.473189486830961, 538971.466244927258231 ], [ 192544.678150730847847, 539018.495489602093585 ], [ 192670.999150844931137, 539058.82848961732816 ], [ 193041.736792654526653, 538794.236090263933875 ], [ 192628.979727364261635, 539011.097682686289772 ] ] ], [ [ [ 191813.750647630775347, 538794.995423938962631 ], [ 191657.174805671354989, 538753.507835786906071 ], [ 191459.728521710378118, 538545.726735694683157 ], [ 191359.426149684935808, 538588.930489372345619 ], [ 191588.838149886374595, 538782.180489476188086 ], [ 191848.893640624388354, 538804.311186040518805 ], [ 191813.750647630775347, 538794.995423938962631 ] ] ], [ [ [ 191198.406685707042925, 538270.726682649110444 ], [ 191160.775017493433552, 538156.171702189953066 ], [ 191093.703749455045909, 538206.461589171085507 ], [ 191116.358149472158402, 538335.92948924168013 ], [ 191302.520511485432507, 538380.29007792333141 ], [ 191198.406685707042925, 538270.726682649110444 ] ] ], [ [ [ 190860.590873636509059, 537242.377805558149703 ], [ 190450.714141677541193, 536831.818329900619574 ], [ 190503.867148944642395, 536950.163488489342853 ], [ 190668.438149090914521, 537135.894488588790409 ], [ 190872.91361705691088, 537279.889606090495363 ], [ 190860.590873636509059, 537242.377805558149703 ] ] ], [ [ [ 189488.123855998943327, 535867.62462933990173 ], [ 189619.204148169170367, 536187.392488081706688 ], [ 189933.098746487870812, 536313.340727559872903 ], [ 189488.123855998943327, 535867.62462933990173 ] ] ], [ [ [ 188323.658959841413889, 535173.810674385749735 ], [ 188406.269147103419527, 535299.223487610579468 ], [ 188872.925434248318197, 535470.600216306280345 ], [ 188323.658959841413889, 535173.810674385749735 ] ] ], [ [ [ 186066.620464025472756, 535492.756742735509761 ], [ 186204.493145144806476, 535534.114487760118209 ], [ 186532.051145434816135, 535464.617487713112496 ], [ 186680.803145565354498, 535655.944487820146605 ], [ 186858.973145728290547, 535357.474487654631957 ], [ 187263.242146084841806, 535372.845487660495564 ], [ 187441.422264000051655, 535189.417373631848022 ], [ 186066.620464025472756, 535492.756742735509761 ] ] ], [ [ [ 185563.72393938631285, 535603.716965882806107 ], [ 185680.902144676249009, 535689.09048784954939 ], [ 185721.464425456186291, 535568.912749356939457 ], [ 185563.72393938631285, 535603.716965882806107 ] ] ], [ [ [ 184653.343335343583021, 536327.514613477978855 ], [ 184767.869143858988537, 536333.589488214580342 ], [ 185085.261144143674755, 536150.114488113671541 ], [ 185354.296144386695232, 535762.440487892949022 ], [ 185339.022177811682923, 535715.437596318428405 ], [ 184653.343335343583021, 536327.514613477978855 ] ] ] ] } },
{ "type": "Feature", "properties": { "unit_id": 10, "unit_name": "Coevorden", "heat_exposure_index_mean": null, "access_median": null, "population_sum": null, "vulnerability_score": null }, "geometry": { "type": "MultiPolygon", "coordinates": [ [ [ [ 244178.99155388440704, 517862.07068898959551 ], [ 244242.774197037069825, 517857.492476862273179 ], [ 244301.523197091300972, 517708.521476776862983 ], [ 244105.323196931334678, 517225.308476508653257 ], [ 244178.953197005728725, 516993.694476374890655 ], [ 244014.571542686491739, 516702.033089789038058 ], [ 244178.99155388440704, 517862.07068898959551 ] ] ], [ [ [ 244304.769130233820761, 518749.47312035196228 ], [ 244093.371065660816384, 518838.269713688525371 ], [ 244405.190297155641019, 518736.196177354140673 ], [ 244386.387197141011711, 518620.311477289244067 ], [ 244261.374834747170098, 518443.312002927239519 ], [ 244304.769130233820761, 518749.47312035196228 ] ] ], [ [ [ 239025.879995428287657, 520966.841442616656423 ], [ 239026.258905686263461, 520970.714630683651194 ], [ 239027.427192324539647, 520970.177478746860288 ], [ 239128.968649172107689, 520923.539621085801627 ], [ 239025.879995428287657, 520966.841442616656423 ] ] ] ] } },
{ "type": "Feature", "properties": { "unit_id": 11, "unit_name": "Hoogeveen", "heat_exposure_index_mean": null, "access_median": null, "population_sum": null, "vulnerability_score": null }, "geometry": { "type": "MultiPolygon", "coordinates": [ [ [ [ 239025.879995428287657, 520966.841442616656423 ], [ 238703.628337668895256, 521119.052914113970473 ], [ 239026.258905686263461, 520970.714630683651194 ], [ 239025.879995428287657, 520966.841442616656423 ] ] ], [ [ [ 233492.531431647978025, 520225.929863570665475 ], [ 233511.184087442874443, 520242.255278475233354 ], [ 233633.367120577924652, 520309.073649697995279 ], [ 233492.531431647978025, 520225.929863570665475 ] ] ] ] } },
{ "type": "Feature", "properties": { "unit_id": 12, "unit_name": "Meppel", "heat_exposure_index_mean": null, "access_median": 2867.3311864475018, "population_sum": 48.622543, "vulnerability_score": null }, "geometry": { "type": "MultiPolygon", "coordinates": [ [ [ [ 213795.520191897900077, 520622.091064892534632 ], [ 213862.615169956494356, 520682.524479132087436 ], [ 213914.581170006043976, 520617.581479098415002 ], [ 214073.250170145824086, 520692.882479134830646 ], [ 214410.107170449191472, 520547.986479047802277 ], [ 214396.989170437533176, 520505.926479023706634 ], [ 214412.478549205174204, 520420.097942883498035 ], [ 213795.520191897900077, 520622.091064892534632 ] ] ], [ [ [ 213393.238606835802784, 520835.303275406477042 ], [ 213400.238169545424171, 520839.408479233097751 ], [ 213397.409475471707992, 520828.408087448566221 ], [ 213393.238606835802784, 520835.303275406477042 ] ] ], [ [ [ 212990.276955319888657, 521501.470582407724578 ], [ 212744.561846025608247, 521504.794721486920025 ], [ 212909.988169094809564, 521603.466479665890802 ], [ 213243.268169395334553, 521254.803479466645513 ], [ 213286.166169438918587, 521064.389479357982054 ], [ 213267.68751896781032, 521042.86156235873932 ], [ 212990.276955319888657, 521501.470582407724578 ] ] ], [ [ [ 212457.467947689379798, 521508.678650520043448 ], [ 212428.479813818878029, 521526.96112958091544 ], [ 212458.471168693562504, 521513.932479625975247 ], [ 212460.324581942812074, 521508.640004750224762 ], [ 212457.467947689379798, 521508.678650520043448 ] ] ], [ [ [ 211877.776118004985619, 521874.28354890079936 ], [ 211904.913168191502336, 521910.30047985870624 ], [ 212038.82516831200337, 521860.306479831284378 ], [ 212172.854168429999845, 521895.355479846650269 ], [ 212269.826168521569343, 521757.532479769317433 ], [ 212193.509168452699669, 521715.772479745384771 ], [ 212191.395572454173816, 521676.487404634710401 ], [ 211877.776118004985619, 521874.28354890079936 ] ] ], [ [ [ 211829.165638487844262, 521904.941613261995371 ], [ 211837.651168133103056, 521918.057479864102788 ], [ 211864.297112090629525, 521882.784601244900841 ], [ 211829.165638487844262, 521904.941613261995371 ] ] ], [ [ [ 211143.33759826575988, 522337.485385853331536 ], [ 211203.539567559957504, 522386.899480136926286 ], [ 211298.900167643761961, 522354.603480118967127 ], [ 211256.053721685224446, 522266.396637076104525 ], [ 211143.33759826575988, 522337.485385853331536 ] ] ], [ [ [ 211058.373463966447162, 522391.071277694194578 ], [ 210892.221876866475213, 522354.556220158934593 ], [ 210911.959167298453394, 522418.168480160704348 ], [ 211080.137167447595857, 522428.692480164463632 ], [ 211129.472863105213037, 522346.229713149077725 ], [ 211058.373463966447162, 522391.071277694194578 ] ] ], [ [ [ 210390.284398791904096, 522244.245652496581897 ], [ 210397.737166844628518, 522250.167480071191676 ], [ 210490.394406810664805, 522266.246782708272804 ], [ 210390.284398791904096, 522244.245652496581897 ] ] ], [ [ [ 210075.157186232274398, 522174.990290580492001 ], [ 209621.64062449731864, 521616.223138337605633 ], [ 209727.493966255366104, 521798.293979831098113 ], [ 210074.699566558003426, 522220.004280061810277 ], [ 210227.126266693288926, 522226.919480065931566 ], [ 210245.737404543615412, 522212.478626351046842 ], [ 210075.157186232274398, 522174.990290580492001 ] ] ], [ [ [ 209192.301870351802791, 521634.235163482604548 ], [ 209249.730165833840147, 521611.368479736614972 ], [ 209389.05476595761138, 521622.485479737515561 ], [ 209408.643325149751035, 521482.09994677756913 ], [ 209192.301870351802791, 521634.235163482604548 ] ] ], [ [ [ 208808.33362722871243, 521904.248563965316862 ], [ 208806.374400824512122, 521604.454530873626936 ], [ 208792.59016542576137, 521636.418479756452143 ], [ 208751.408165389002534, 521629.904479757591616 ], [ 208649.413865293870913, 521866.7003798938822 ], [ 209008.208165612944867, 521972.54547994362656 ], [ 209137.758841118367855, 521672.590806324733421 ], [ 208808.33362722871243, 521904.248563965316862 ] ] ], [ [ [ 207832.662515992298722, 522453.546732806717046 ], [ 207353.777206047234358, 522865.127316014899407 ], [ 207172.435617514216574, 523021.012716433033347 ], [ 207157.224944174144184, 523059.212454267893918 ], [ 207165.985163953038864, 523062.753480579820462 ], [ 207178.092163965047803, 523026.601480557990726 ], [ 207423.038764186378103, 522907.589880487939809 ], [ 207584.171164332627086, 522667.658480357495137 ], [ 207680.612164417951135, 522674.891480353253428 ], [ 207806.223164532682858, 522586.187480304273777 ], [ 207907.049164623720571, 522363.034480180649552 ], [ 207861.886364585603587, 522297.172680143965408 ], [ 207674.831264632142847, 522008.684081686544232 ], [ 207832.662515992298722, 522453.546732806717046 ] ] ], [ [ [ 204533.570653645263519, 529650.380644363351166 ], [ 204536.587887641246198, 529653.999467789544724 ], [ 204535.219311956199817, 529646.23430026776623 ], [ 204533.570653645263519, 529650.380644363351166 ] ] ], [ [ [ 207385.191322741797194, 531265.391367008211091 ], [ 207171.408163824817166, 531094.979585045599379 ], [ 206926.940163613093318, 530868.864484919467941 ], [ 205663.024162496090867, 530449.846484707784839 ], [ 205411.219079440284986, 530420.574280985398218 ], [ 207385.191322741797194, 531265.391367008211091 ] ] ], [ [ [ 207669.70180408397573, 531387.155650475760922 ], [ 207896.537716958933743, 531809.422357720439322 ], [ 208020.093981186335441, 532039.464844875503331 ], [ 208021.231734736007638, 532036.775676660239697 ], [ 207733.523164317535702, 531371.992485184106044 ], [ 207503.900365675159264, 531316.196249435422942 ], [ 207669.70180408397573, 531387.155650475760922 ] ] ] ] } },
{ "type": "Feature", "properties": { "unit_id": 13, "unit_name": "Almelo", "heat_exposure_index_mean": 0.39237534670313129, "access_median": 1551.3389270839498, "population_sum": 74482.711, "vulnerability_score": 0.56358702968613583 }, "geometry": { "type": "Polygon", "coordinates": [ [ [ 245178.163105528976303, 483469.376196240307763 ], [ 244250.704947076563258, 483115.932619410508778 ], [ 244265.904044865106698, 482827.460545376059599 ], [ 244890.935697215085384, 482220.388399478280917 ], [ 244783.754246574884746, 481889.85646574117709 ], [ 243935.124806917156093, 481397.359790826623794 ], [ 243908.145741069980431, 480843.89816435938701 ], [ 242150.683853367518168, 479664.647231528710108 ], [ 239530.257445729221217, 478720.885911369638052 ], [ 239818.561234551423695, 480023.115717688517179 ], [ 238784.009307284868555, 480585.628294121532235 ], [ 238617.406343753478723, 481136.63081687776139 ], [ 238187.304117383959237, 481325.546566283795983 ], [ 238886.460467305470956, 482862.506031615368556 ], [ 237561.743354863749119, 484393.025899802043568 ], [ 238081.564499581581913, 485059.792741507408209 ], [ 238637.716608236136381, 486598.116315960884094 ], [ 237486.513986127538374, 489107.416166951647028 ], [ 238144.994529605057323, 489683.514811825240031 ], [ 238579.703033101803157, 489510.953532449377235 ], [ 240289.878524292114889, 490788.594501077022869 ], [ 241114.473943172837608, 490738.319447372981813 ], [ 242198.476291158091044, 489804.593720784469042 ], [ 242772.000840100052301, 490473.091475713124964 ], [ 243236.909489570272854, 490120.034934047143906 ], [ 244262.575123599963263, 490352.951848661992699 ], [ 244661.401337113056798, 488876.571621142502408 ], [ 245245.94084689146257, 488387.623173782485537 ], [ 245769.46794446502463, 486637.662531163136009 ], [ 245786.806806229113135, 485757.142256236926187 ], [ 245210.306112075166311, 484796.872221953526605 ], [ 245905.019291451550089, 484529.928972599445842 ], [ 245178.163105528976303, 483469.376196240307763 ] ] ] } },
{ "type": "Feature", "properties": { "unit_id": 14, "unit_name": "Borne", "heat_exposure_index_mean": 0.2009638800035507, "access_median": 3765.358450549722, "population_sum": 21884.812, "vulnerability_score": 0.40654617695220663 }, "geometry": { "type": "Polygon", "coordinates": [ [ [ 245215.015817910607439, 480442.585531386139337 ], [ 243908.145741069980431, 480843.89816435938701 ], [ 243935.124806917156093, 481397.359790826623794 ], [ 244783.754246574884746, 481889.85646574117709 ], [ 244890.935697215085384, 482220.388399478280917 ], [ 244265.904044865106698, 482827.460545376059599 ], [ 244250.704947076563258, 483115.932619410508778 ], [ 245178.163105528976303, 483469.376196240307763 ], [ 245905.019291451550089, 484529.928972599445842 ], [ 246819.994797702645883, 484338.862186998478137 ], [ 247445.952860943216365, 483997.755764628294855 ], [ 247938.282033406925621, 483286.509194553480484 ], [ 248150.360503378207795, 483330.012694108998403 ], [ 248503.773473451437894, 483568.06315472337883 ], [ 248739.4274989204132, 483253.078593790880404 ], [ 249564.949876394763123, 482150.051538836909458 ], [ 251475.385185781487962, 481565.332865075266454 ], [ 251328.756118988792878, 480945.046008427045308 ], [ 250611.487100782891503, 480556.720141313795466 ], [ 250618.939491549681406, 480086.123126697959378 ], [ 248821.229534119658638, 478942.849964256864041 ], [ 247493.677638529101387, 478099.339747883321252 ], [ 245215.015817910607439, 480442.585531386139337 ] ] ] } },
{ "type": "Feature", "properties": { "unit_id": 15, "unit_name": "Deventer", "heat_exposure_index_mean": 0.19839319126914798, "access_median": 2590.4233504608374, "population_sum": 104791.52, "vulnerability_score": 0.38993963648139129 }, "geometry": { "type": "Polygon", "coordinates": [ [ [ 212820.552997752703959, 481050.518114869308192 ], [ 215031.858434105204651, 479570.795418860041536 ], [ 217667.711196858406765, 479577.250113816233352 ], [ 219075.854635494819377, 479715.814872823073529 ], [ 219333.389268296217779, 477415.149224088701885 ], [ 220213.307422165147727, 476752.765179236826953 ], [ 222430.359931635379326, 475085.292474030691665 ], [ 222571.684109530993737, 474246.515214283077512 ], [ 222937.671692340867594, 473581.365867503802292 ], [ 222930.629852246434893, 473577.930857657222077 ], [ 222927.658178993558977, 473584.211451622541063 ], [ 222622.217778719903436, 473428.377051533258054 ], [ 222591.173909193545114, 473412.344236655742861 ], [ 221924.55276812647935, 473087.166420516383369 ], [ 221453.656262665463146, 473062.704186549934093 ], [ 220879.330177150346572, 473065.300451349234208 ], [ 220735.910177023615688, 473012.540451318200212 ], [ 220710.674496487685246, 472896.542299635591917 ], [ 220601.63794178731041, 472823.437237662728876 ], [ 219951.340176324622007, 472443.780450993741397 ], [ 219974.340691206161864, 472042.044232613581698 ], [ 219904.20525324868504, 471470.903146584751084 ], [ 219630.559347724134568, 471423.079897937946953 ], [ 219102.410175576456822, 471406.070450383936986 ], [ 218826.191367974097375, 471282.505933107808232 ], [ 218712.757656804926228, 471262.68188873276813 ], [ 217369.406129544513533, 471232.991798751521856 ], [ 217194.860789299098542, 471385.574156680726446 ], [ 217153.701873807120137, 471604.292550537560601 ], [ 216885.410173565207515, 471657.820450575090945 ], [ 216869.520173547789454, 471803.920450665405951 ], [ 216792.700673478597309, 471808.300150666269474 ], [ 216426.390173148916801, 471746.640450635866728 ], [ 216031.969370795355644, 471569.561632290598936 ], [ 215694.091968348308001, 471466.903275700402446 ], [ 215382.709972209646367, 471460.960050483990926 ], [ 215393.704157344734995, 471375.635499891766813 ], [ 215252.429005425365176, 471332.711425011220854 ], [ 215066.505383608600823, 471352.597903328423854 ], [ 214953.966171819804003, 471382.072450440609828 ], [ 214686.229371577646816, 471581.706650564097799 ], [ 214488.474963896063855, 471414.424309763242491 ], [ 211817.549416250694776, 471700.107766609813552 ], [ 211652.93916882481426, 471813.552450757531915 ], [ 211518.893868704210036, 471795.388350743451156 ], [ 211576.32965001964476, 471616.195020335202571 ], [ 211496.806155939295422, 471431.784063890052494 ], [ 211029.555466506863013, 471466.921418393612839 ], [ 210742.330768005806021, 471557.812850614252966 ], [ 210000.708965972036822, 471544.29090127866948 ], [ 209919.394583497662097, 471550.405760706053115 ], [ 209582.236396277556196, 471779.744490585697349 ], [ 209573.759166942414595, 471787.67445077112643 ], [ 209572.842398926528404, 471786.134391536121257 ], [ 209495.954126089229248, 471838.434645552013535 ], [ 209499.994166874181246, 471846.860450806911103 ], [ 209330.851166718348395, 472049.056450933043379 ], [ 209047.751166460744571, 472031.87965092936065 ], [ 208763.991266205499414, 471926.737450864515267 ], [ 208296.344365786440903, 471751.568950769898947 ], [ 208223.336165719636483, 471724.221450751763768 ], [ 208004.90516552812187, 471444.630450586788356 ], [ 208151.445531493838644, 471391.560110507474747 ], [ 208129.772582214529393, 471302.253949879901484 ], [ 207969.524165496026399, 471376.912450546573382 ], [ 208195.004165708349319, 470888.228450250113383 ], [ 208165.288165680773091, 470814.3564502048539 ], [ 208264.419114974996774, 470713.525996585260145 ], [ 208324.730696900835028, 470548.125972765963525 ], [ 208115.53948032396147, 470322.425934547558427 ], [ 208042.234089196281275, 470532.127717428840697 ], [ 208078.531165604799753, 470680.312450123659801 ], [ 207951.671165486215614, 470959.375450295803603 ], [ 207812.406165357650025, 471075.500450366933364 ], [ 207562.876865130325314, 471125.302550404274371 ], [ 207405.33194298230228, 471181.442009478341788 ], [ 206989.511433414649218, 471360.019630857452285 ], [ 206614.367373228713404, 471923.726053501188289 ], [ 206631.401505980757065, 472512.636916527699213 ], [ 206862.342512579547474, 472742.267149446415715 ], [ 207178.112864754890325, 472994.79475153691601 ], [ 207358.970164914033376, 473194.057451649918221 ], [ 207381.318164932978107, 473368.142451755993534 ], [ 207327.277164881001227, 473493.964451832929626 ], [ 207093.060164666414494, 473637.416451921919361 ], [ 207052.330064631765708, 473598.690051895158831 ], [ 206977.429968538344838, 473576.721209235722199 ], [ 205357.871717320522293, 474017.906537559756543 ], [ 205600.524748837546213, 474848.581758075626567 ], [ 205716.506363402120769, 475000.138652756693773 ], [ 205593.123360452213092, 475086.349332158104517 ], [ 205250.244052234396804, 475686.357469304464757 ], [ 205222.99636293988442, 475948.027553329942748 ], [ 205092.055362817365676, 476254.933553519076668 ], [ 204608.081362281169277, 476810.084769579349086 ], [ 204506.453530755825341, 476987.924389568914194 ], [ 204407.874806626175996, 477714.843482047494035 ], [ 204406.028162171976874, 478048.967454599507619 ], [ 204302.336488106346224, 478176.399339603609405 ], [ 203709.280308692163089, 479492.536974544229452 ], [ 204432.530526484479196, 479157.286249386786949 ], [ 208455.190614954481134, 480243.636312250979245 ], [ 209076.686189779720735, 480411.810214821773116 ], [ 209251.663820431916974, 481035.885184865968768 ], [ 210431.418592741130851, 481299.554487835033797 ], [ 210881.25786846151459, 481763.010355563194025 ], [ 212830.396513542626053, 481663.138606454944238 ], [ 212820.552997752703959, 481050.518114869308192 ] ] ] } },
{ "type": "Feature", "properties": { "unit_id": 16, "unit_name": "Enschede", "heat_exposure_index_mean": 0.32423595897993557, "access_median": 1733.8741572994109, "population_sum": 162582.83, "vulnerability_score": 0.54025301926955993 }, "geometry": { "type": "Polygon", "coordinates": [ [ [ 256172.540851425088476, 477175.748422694974579 ], [ 256662.143518459750339, 477427.199643552943598 ], [ 257060.839410146814771, 478231.12470757815754 ], [ 259044.539286701154197, 478592.421357921615709 ], [ 259151.673940632987069, 478224.119960913958494 ], [ 259541.470983751118183, 478398.341721144330222 ], [ 260904.774189761665184, 478443.043762188928667 ], [ 262946.189270152128302, 476628.017487007658929 ], [ 263261.52777959802188, 474516.275074992852751 ], [ 262810.338566016580444, 473258.983439931354951 ], [ 262826.349172419810202, 472766.343137499061413 ], [ 263909.167998574266676, 471487.318980276875664 ], [ 263821.211215919698589, 471200.274449179705698 ], [ 263822.478774032264482, 471126.789585174934473 ], [ 263602.287593271583319, 470259.043639320821967 ], [ 263587.952215740864631, 470232.63044860237278 ], [ 263480.653851583017968, 469821.679116638493724 ], [ 263407.122867615020368, 469695.856405772210564 ], [ 263257.050215467286762, 469501.280548176262528 ], [ 263179.326894447149243, 469306.062806914851535 ], [ 262784.9874830369954, 468631.288023993023671 ], [ 262696.27021499251714, 468522.900447599182371 ], [ 262693.658699054911267, 468475.010567053977866 ], [ 261810.003676571068354, 466962.94226061180234 ], [ 261056.100213570171036, 466836.890446631994564 ], [ 260979.142858563602204, 466804.174527920840774 ], [ 260262.540492106229067, 466668.136372916284017 ], [ 259538.540212207881268, 466598.43044653290417 ], [ 259125.65021183952922, 466460.170446463453118 ], [ 258936.990211674070451, 466302.440446375519969 ], [ 258880.590211628819816, 466167.950446292990819 ], [ 258879.489457430870971, 465895.736404961789958 ], [ 258763.105154463730287, 465646.336153762298636 ], [ 257795.980565570527688, 464728.986286676314194 ], [ 256449.541313197056297, 464871.999728666734882 ], [ 253562.701049581199186, 465741.475082283199299 ], [ 252622.092614908789983, 465707.13094710407313 ], [ 252039.812119307636749, 465219.004580238019116 ], [ 250835.527517868438736, 466272.586087998817675 ], [ 249329.448127660842147, 467885.370552788779605 ], [ 249229.079325309081469, 469194.475060637749266 ], [ 248995.413859012944158, 469761.138051252230071 ], [ 248591.919867115211673, 470739.969641932286322 ], [ 248966.139165927801514, 471304.642800420057029 ], [ 249312.4520544144616, 471827.350414500222541 ], [ 249226.698526009218767, 472606.883455977949779 ], [ 249832.479210655787028, 473122.452172973542474 ], [ 252440.944571302621625, 472336.27412285306491 ], [ 252895.301528211333789, 473873.83886220282875 ], [ 254307.896060058759758, 475023.519450613821391 ], [ 254350.169493149849586, 476398.407462228788063 ], [ 253673.363982627401128, 477141.761139295471366 ], [ 254178.793497875740286, 477469.382566285261419 ], [ 256172.540851425088476, 477175.748422694974579 ] ] ] } },
{ "type": "Feature", "properties": { "unit_id": 17, "unit_name": "Haaksbergen", "heat_exposure_index_mean": 0.062384591372229493, "access_median": 3924.8098204754892, "population_sum": 24361.287, "vulnerability_score": 0.23879482952569953 }, "geometry": { "type": "Polygon", "coordinates": [ [ [ 247507.451105432555778, 468652.973900536715519 ], [ 249028.584184316976462, 468012.061140417470597 ], [ 249329.448127660842147, 467885.370552788779605 ], [ 250835.527517868438736, 466272.586087998817675 ], [ 252039.812119307636749, 465219.004580238019116 ], [ 252622.092614908789983, 465707.13094710407313 ], [ 253562.701049581199186, 465741.475082283199299 ], [ 256449.541313197056297, 464871.999728666734882 ], [ 257795.980565570527688, 464728.986286676314194 ], [ 257753.473710527410731, 464685.872258561779745 ], [ 257182.71221015957417, 464144.95744511729572 ], [ 257242.136933815083466, 464144.056168889568653 ], [ 256700.14335837319959, 461354.534660612640437 ], [ 256349.313265908655012, 461028.899602075864095 ], [ 256331.310209479939658, 461018.249443241860718 ], [ 256223.70861973366118, 460898.950825988198631 ], [ 255577.947414529626258, 460213.383639621606562 ], [ 255060.879066944791703, 460062.949358635232784 ], [ 254860.30815429717768, 460025.202286660671234 ], [ 249953.393987351388205, 459849.831743911607191 ], [ 249267.251503129838966, 459843.30644271755591 ], [ 249058.10020294302376, 459841.215442714979872 ], [ 247615.896201639727224, 459789.251442723209038 ], [ 247615.907619387609884, 459779.843966927030124 ], [ 246060.834521572396625, 459738.864961291896179 ], [ 245826.001333151070867, 459817.100063236721326 ], [ 245681.266999886691337, 459881.749042827636003 ], [ 244750.430199032300152, 460292.781443101412151 ], [ 244005.132333591667702, 460423.725867563509382 ], [ 242457.924254394019954, 460939.181040742492769 ], [ 242837.584699844563147, 461845.902050598815549 ], [ 242994.008197400777135, 462014.765444197517354 ], [ 243109.135197495634202, 462402.346444424299989 ], [ 243054.004197429225314, 463014.775444801023696 ], [ 243042.262266461504623, 463031.141760746948421 ], [ 243030.188711625174619, 463388.957022208720446 ], [ 243051.342197415535338, 463439.498445057426579 ], [ 243027.64614519677707, 463464.309234849235509 ], [ 243004.922968433413189, 464137.739682223182172 ], [ 243044.579197390179615, 464186.174445512122475 ], [ 243023.781197368225548, 464302.422445581236389 ], [ 242998.675359321059659, 464322.895580245007295 ], [ 242997.839342617953662, 464347.672006017121021 ], [ 243050.226197388663422, 464456.58844567486085 ], [ 242993.871873956290074, 464465.253021365497261 ], [ 242988.834025611868128, 464614.556109560944606 ], [ 243000.494197337102378, 464677.854445810080506 ], [ 242899.753997243213234, 464863.863145928829908 ], [ 242854.854197198204929, 464947.194445978209842 ], [ 241327.194595800974639, 465721.093146483122837 ], [ 241108.495925375813385, 465828.544598643376958 ], [ 241042.627736518799793, 465870.222209877101704 ], [ 240930.282462589093484, 466468.217715760867577 ], [ 240108.265003866021289, 467527.080527825863101 ], [ 242750.974273928091861, 468493.493234413210303 ], [ 244583.420819052087609, 468462.931144559115637 ], [ 245575.983857076091226, 469527.902425273903646 ], [ 247507.451105432555778, 468652.973900536715519 ] ] ] } },
{ "type": "Feature", "properties": { "unit_id": 18, "unit_name": "Hardenberg", "heat_exposure_index_mean": 0.046072630943178906, "access_median": 3086.497022663566, "population_sum": 60912.07, "vulnerability_score": 0.1944444910328269 }, "geometry": { "type": "Polygon", "coordinates": [ [ [ 218178.524729695782298, 512807.214352844923269 ], [ 217048.826802012597909, 512564.816903455473948 ], [ 218529.066282531130128, 519281.31540276639862 ], [ 218637.703855391417164, 519439.311526161734946 ], [ 218639.873174235777697, 519438.692478348384611 ], [ 218872.33817444590386, 519271.278478245949373 ], [ 219065.515174624393694, 518999.792478092829697 ], [ 219378.29306970408652, 518936.549474883300718 ], [ 219658.309954039257718, 518745.960412457992788 ], [ 219719.844175214821007, 518614.340477859834209 ], [ 220566.184175979869906, 518039.850477529282216 ], [ 220737.184672743460396, 518011.641403086832725 ], [ 221006.824055218079593, 517828.115623129706364 ], [ 221117.771298513398506, 517589.606969989661593 ], [ 221113.447176484798547, 517210.558477045269683 ], [ 221284.114176638395293, 517110.188476988929324 ], [ 221399.897302777506411, 516983.107058011519257 ], [ 221459.562045207363553, 516854.84287645801669 ], [ 221439.731176784698619, 516676.977476737985853 ], [ 221502.862176845781505, 516495.284476635395549 ], [ 221751.031164998217719, 516228.257617298397236 ], [ 221820.779243434226373, 516078.316800809639972 ], [ 221877.426590247370768, 515793.476366487564519 ], [ 221793.621177124179667, 515545.001476090808865 ], [ 221981.334532894863514, 515270.994993955653626 ], [ 222026.339616544166347, 515044.695470773149282 ], [ 221999.190177324198885, 514835.313475685950834 ], [ 222255.528177556552691, 514627.106475563894492 ], [ 222291.958862809638958, 514648.578618233150337 ], [ 222440.902332601544913, 514528.182011602679268 ], [ 222519.262177795346361, 514322.336475382559001 ], [ 222640.133668753376696, 514426.172692909662146 ], [ 222734.840228468587156, 514488.778802851855289 ], [ 223019.514178236131556, 514581.792475519992877 ], [ 223091.337566467002034, 514724.44264286395628 ], [ 223309.08542100910563, 514868.385640710417647 ], [ 223506.185909690277185, 514868.224270456645172 ], [ 223675.449178818846121, 514786.230475625256076 ], [ 223842.901178967644228, 514786.355475621647201 ], [ 224046.168179145868635, 514977.047475723957177 ], [ 223990.132320241711568, 515056.055595975427423 ], [ 224143.301461422641296, 515316.954178210522514 ], [ 224362.135468743654201, 515263.589204715040978 ], [ 224401.242179454711732, 515196.455475836293772 ], [ 224680.850179709319491, 515066.790475765010342 ], [ 224821.24017983028898, 515110.860475784866139 ], [ 224867.104784131894121, 515232.296369965129998 ], [ 225188.568173012958141, 515618.063012478873134 ], [ 225398.330180330493022, 515741.510476123017725 ], [ 225370.632138609798858, 515836.545760935870931 ], [ 225598.649042623466812, 516110.173547303420492 ], [ 225918.608395531686256, 515452.692056606407277 ], [ 225951.870180839323439, 515153.800475785275921 ], [ 226180.083181047230028, 514919.325475648744032 ], [ 226450.870181292499183, 514764.280475552834105 ], [ 226507.809181341493968, 514817.064475580933504 ], [ 226712.818163839488989, 514748.213919023168273 ], [ 226965.396034589008195, 514645.290737159724813 ], [ 226999.096464122529142, 514652.069740047503728 ], [ 227216.250181977608008, 514579.140475433145184 ], [ 227444.58966101706028, 514741.682831335347146 ], [ 227546.578068039612845, 514762.198288120154757 ], [ 227578.98517439365969, 514837.351628771575633 ], [ 227700.920182403322542, 514924.150475612317678 ], [ 227865.53104519090266, 515501.862653144344222 ], [ 227918.336274063767632, 515624.320033642987255 ], [ 228283.32865160953952, 515784.959411042858846 ], [ 228515.28617159841815, 515571.683906803489663 ], [ 228523.938183121819748, 515523.379475934896618 ], [ 228870.302183439576766, 515124.147475706704427 ], [ 229010.873183564050123, 515095.214475686836522 ], [ 229066.153792921308195, 515113.403194711194374 ], [ 230961.561620875756489, 514756.070019933744334 ], [ 230995.842285338614602, 514729.740575427655131 ], [ 231157.55018548713997, 514648.320475380169228 ], [ 231182.015185509750154, 514605.167475356371142 ], [ 231621.868285898235627, 514660.005975377687719 ], [ 231598.364485873724334, 514925.331575525633525 ], [ 231568.286285839014454, 515197.487675686948933 ], [ 231542.008943668392021, 515448.496121118660085 ], [ 231291.816822423774283, 518169.11327442410402 ], [ 232233.640050788293593, 519122.562465366674587 ], [ 232279.017486374243163, 519163.302877903333865 ], [ 232279.301686376042198, 519163.557977900491096 ], [ 232285.477186383184744, 519169.476477902324405 ], [ 233492.531431647978025, 520225.929863570665475 ], [ 233633.367120577924652, 520309.073649697995279 ], [ 233851.610187741520349, 520428.424478568136692 ], [ 235751.911089418572374, 520890.544678785721771 ], [ 237286.953990771551616, 521263.004078954400029 ], [ 237905.410191316361306, 521412.895979021966923 ], [ 238009.613191409851424, 521438.145479035447352 ], [ 238703.628337668895256, 521119.052914113970473 ], [ 239025.879995428287657, 520966.841442616656423 ], [ 239128.968649172107689, 520923.539621085801627 ], [ 240206.707293384766672, 520428.535678409913089 ], [ 240814.288293931575026, 520149.301378241099883 ], [ 242646.864195580244996, 519307.559477720118593 ], [ 242874.208195784653071, 519233.8084776691976 ], [ 242874.298195784387644, 519233.779377671889961 ], [ 243934.026896735304035, 518890.430777451430913 ], [ 244093.371065660816384, 518838.269713688525371 ], [ 244304.769130233820761, 518749.47312035196228 ], [ 244261.374834747170098, 518443.312002927239519 ], [ 244221.652197002142202, 518387.070477157249115 ], [ 244216.540197005000664, 518127.522477015969343 ], [ 243993.774196811311413, 518028.362476964539383 ], [ 243934.663196759938728, 517938.480476915603504 ], [ 244003.635196825605817, 517874.657476880645845 ], [ 244178.99155388440704, 517862.07068898959551 ], [ 244014.571542686491739, 516702.033089789038058 ], [ 243942.012196803872939, 516573.291476148937363 ], [ 243940.781196807103697, 516453.008476084214635 ], [ 244020.368196882598568, 516337.240476011240389 ], [ 244319.637197146483231, 516313.451475992973428 ], [ 244547.797611178568332, 516402.362025476235431 ], [ 244568.0605937698856, 516378.476403322012629 ], [ 244571.411197369045112, 516352.619476005085744 ], [ 244595.833742972667096, 516345.737938246573322 ], [ 245691.024000293604331, 515054.748294669669122 ], [ 245586.044019401859259, 514188.780492062622216 ], [ 245363.918198166211369, 513143.701474173925817 ], [ 245350.820198159868596, 512913.106474039959721 ], [ 245411.735198217327707, 512757.571473952848464 ], [ 245304.297198126034345, 512571.006473851157352 ], [ 245234.655198081192793, 512060.025473564397544 ], [ 246421.475862002960639, 511077.357123142457567 ], [ 248243.209328065859154, 509375.097949596471153 ], [ 248520.619762754853582, 509116.128129730466753 ], [ 248359.718200942035764, 509107.809471801156178 ], [ 248119.734086047013989, 509017.516998263541609 ], [ 247461.723715818836354, 508881.725133451400325 ], [ 247315.441988925769692, 508906.208241497632116 ], [ 246735.413199496455491, 509129.379471859894693 ], [ 246347.386199153261259, 509089.748471848550253 ], [ 245820.936198681825772, 509224.115471935947426 ], [ 245662.193041599850403, 508731.547737073909957 ], [ 244965.152177150564967, 507690.809259438246954 ], [ 244437.467890980362426, 507738.265080540499184 ], [ 243879.485196989553515, 507851.543671208259184 ], [ 243040.68329623847967, 508022.368571322294883 ], [ 243041.710196240019286, 508025.150471323926467 ], [ 243022.570196222281083, 508032.870471331232693 ], [ 243019.882896219729446, 508026.604671331762802 ], [ 243001.962596204102738, 508030.25417133315932 ], [ 243003.420196206338005, 508037.870471340371296 ], [ 242986.880196188867558, 508041.260471340792719 ], [ 242985.364896189421415, 508033.634371339168865 ], [ 242946.90219615312526, 508041.467471336247399 ], [ 242737.370195967465406, 508083.980471372313332 ], [ 243684.409096863761079, 506126.019370222988073 ], [ 244052.921016089967452, 505363.678702310018707 ], [ 244336.95626717543928, 504642.442596876353491 ], [ 244301.537060748203658, 503216.448387150245253 ], [ 244112.630092080857139, 501600.290076723496895 ], [ 244095.179005754733225, 501411.898411877802573 ], [ 244006.016549513908103, 500654.769842920824885 ], [ 242001.368982482468709, 501494.915003830392379 ], [ 241115.420560248836409, 500789.396063609980047 ], [ 241040.22146129689645, 500197.890634954266716 ], [ 240701.111100875015836, 499768.906346320407465 ], [ 240703.456260502367513, 499126.126079038309399 ], [ 239178.168094518041471, 499092.751431669981685 ], [ 238303.723853578732815, 498367.872670318116434 ], [ 237498.207761292957002, 499672.065118897589855 ], [ 237073.623582890082616, 499863.862013869686052 ], [ 237924.431083614646923, 501263.748275419988204 ], [ 234771.923191411420703, 503454.245607733144425 ], [ 234696.582279214693699, 503639.821642252383754 ], [ 234977.967402721638791, 503820.838091404526494 ], [ 234873.309068141708849, 504098.454659475071821 ], [ 234553.295023976563243, 504072.675845073652454 ], [ 234188.624231269146549, 503477.848622702702414 ], [ 233429.063088409195188, 504127.832187745370902 ], [ 233311.512282853247598, 504891.231197980116121 ], [ 232737.077869347762316, 505476.960345120460261 ], [ 232457.861302545905346, 507199.747555185225792 ], [ 231995.800376115192194, 508538.518723210669123 ], [ 230826.726480754383374, 510277.183979310560971 ], [ 229544.211794929753523, 509582.443657458643429 ], [ 224776.639939764514565, 509696.147308795480058 ], [ 223829.029943878558697, 511746.010349048476201 ], [ 223708.345039441424888, 512007.207760149845853 ], [ 218438.943359602650162, 512080.844645640871022 ], [ 218178.524729695782298, 512807.214352844923269 ] ] ] } },
{ "type": "Feature", "properties": { "unit_id": 19, "unit_name": "Hellendoorn", "heat_exposure_index_mean": 0.0590905262839082, "access_median": 2555.4629939174379, "population_sum": 36221.973, "vulnerability_score": 0.1669110801092745 }, "geometry": { "type": "Polygon", "coordinates": [ [ [ 228209.068362513615284, 481867.547775512677617 ], [ 226068.98829593512346, 482404.263441261951812 ], [ 225534.930349261354422, 482455.585794945363887 ], [ 224254.663271520519629, 482182.364194952184334 ], [ 223537.49341791254119, 482074.325746058137156 ], [ 221042.36110705966712, 481588.219833619776182 ], [ 220163.877312875556527, 483162.711362976639066 ], [ 219536.060956748260651, 485406.407025041116867 ], [ 220262.274893654714106, 487396.774605057900771 ], [ 221129.279336066916585, 488107.18364807247417 ], [ 223234.103304535179632, 488794.764120058040135 ], [ 224149.657949126791209, 492287.155458640481811 ], [ 223246.276488732226426, 493834.742356282193214 ], [ 225960.066299392346991, 495181.249320578877814 ], [ 226738.949486049939878, 496427.005118245724589 ], [ 226964.198663765622769, 497467.400140719721094 ], [ 227240.857956679770723, 497575.994300360383932 ], [ 229019.043412950413767, 495383.396978370437864 ], [ 231362.458000153535977, 494982.749167843372561 ], [ 232464.223188676987775, 495378.193636546959169 ], [ 232872.952989356010221, 496059.837109105545096 ], [ 233535.842525792890228, 496515.717462028143927 ], [ 235069.317155645519961, 496045.537797855504323 ], [ 237134.278838537749834, 496932.313125048531219 ], [ 237290.37266698863823, 495316.541546202963218 ], [ 235720.994781562651042, 493507.472846603021026 ], [ 235871.495141919294838, 492840.593286590010393 ], [ 231835.171867048164131, 491456.613498967839405 ], [ 231375.938371916709002, 490035.605111500248313 ], [ 231652.860847905249102, 488862.04057772125816 ], [ 230585.538586029841099, 488211.623100384196732 ], [ 230493.02396235690685, 487751.401915426657069 ], [ 230740.749711317854235, 486841.2723040531273 ], [ 232086.267584906279808, 486562.510115841287188 ], [ 232117.524718441825826, 486047.952541979437228 ], [ 230245.326664876018185, 485133.688109682290815 ], [ 228696.238489703973755, 482604.89861432951875 ], [ 228209.068362513615284, 481867.547775512677617 ] ] ] } },
{ "type": "Feature", "properties": { "unit_id": 20, "unit_name": "Hengelo", "heat_exposure_index_mean": 0.36512617260536989, "access_median": 1226.3858997933949, "population_sum": 80318.695, "vulnerability_score": 0.51439046842384784 }, "geometry": { "type": "Polygon", "coordinates": [ [ [ 244911.453522523806896, 470765.796709366317373 ], [ 245511.03613580588717, 471751.281114847399294 ], [ 245827.677866349549731, 473172.053517458261922 ], [ 246065.147653072956018, 473220.333312189031858 ], [ 246036.385084527952131, 474274.68085312488256 ], [ 246379.666201501502655, 474665.814156775770243 ], [ 248201.378973025421146, 474788.62426589144161 ], [ 247903.246023916348349, 477127.634768194402568 ], [ 247493.677638529101387, 478099.339747883321252 ], [ 248821.229534119658638, 478942.849964256864041 ], [ 250618.939491549681406, 480086.123126697959378 ], [ 250611.487100782891503, 480556.720141313795466 ], [ 251328.756118988792878, 480945.046008427045308 ], [ 251475.385185781487962, 481565.332865075266454 ], [ 252932.354496444488177, 481012.315825108962599 ], [ 253022.580922030494548, 480734.283671288576443 ], [ 252737.436560623464175, 480143.813398177968338 ], [ 252846.231289831164759, 479874.678478618734516 ], [ 254685.042419201985467, 478930.94365323666716 ], [ 254891.332866983284475, 478285.866412045201287 ], [ 254178.793497875740286, 477469.382566285261419 ], [ 253673.363982627401128, 477141.761139295471366 ], [ 254350.169493149849586, 476398.407462228788063 ], [ 254307.896060058759758, 475023.519450613821391 ], [ 252895.301528211333789, 473873.83886220282875 ], [ 252440.944571302621625, 472336.27412285306491 ], [ 249832.479210655787028, 473122.452172973542474 ], [ 249226.698526009218767, 472606.883455977949779 ], [ 249312.4520544144616, 471827.350414500222541 ], [ 248966.139165927801514, 471304.642800420057029 ], [ 248591.919867115211673, 470739.969641932286322 ], [ 248995.413859012944158, 469761.138051252230071 ], [ 249229.079325309081469, 469194.475060637749266 ], [ 249329.448127660842147, 467885.370552788779605 ], [ 249028.584184316976462, 468012.061140417470597 ], [ 247507.451105432555778, 468652.973900536715519 ], [ 245575.983857076091226, 469527.902425273903646 ], [ 244911.453522523806896, 470765.796709366317373 ] ] ] } },
{ "type": "Feature", "properties": { "unit_id": 21, "unit_name": "Kampen", "heat_exposure_index_mean": 0.06622729447872433, "access_median": 3623.9031269507523, "population_sum": 52557.164, "vulnerability_score": 0.24460698600362263 }, "geometry": { "type": "MultiPolygon", "coordinates": [ [ [ [ 198090.896635440672981, 502217.833619537588675 ], [ 197747.539643424504902, 502165.032810077827889 ], [ 197629.615155732491985, 502215.351468874257989 ], [ 197593.285155701887561, 502194.076468861778267 ], [ 197445.446155567333335, 502211.195468875346705 ], [ 197124.044155282288557, 502021.519468772632536 ], [ 196672.569430580449989, 501567.978471342823468 ], [ 196661.049778332497226, 501558.399713595921639 ], [ 195820.129617146594683, 500634.593877315870486 ], [ 195478.094253824208863, 500306.955767801089678 ], [ 194713.936453147733118, 499441.30126731027849 ], [ 194548.930297962622717, 499238.098223695997149 ], [ 194355.050578480644617, 499025.108662188518792 ], [ 194079.404314528044779, 499247.637316253618337 ], [ 193793.86615231927135, 499746.728467498614918 ], [ 193457.499057886278024, 499749.70013303932501 ], [ 193451.913602395623457, 499754.209259609226137 ], [ 193444.291855743824271, 499749.816813262063079 ], [ 193328.536151898908429, 499750.839467504876666 ], [ 192968.314951581152854, 499515.13516737089958 ], [ 192874.124638058652636, 499421.226920813787729 ], [ 192114.619849897921085, 498983.520948048681021 ], [ 191618.376302734483033, 498697.687864618841559 ], [ 191408.215772551426198, 499106.603168473404367 ], [ 191251.265650036919396, 499559.500867413065862 ], [ 190517.861149360076524, 501183.144468365935609 ], [ 189923.90824881644221, 502122.970368914015125 ], [ 188944.075147920695599, 503365.354469638550654 ], [ 188372.544147402717499, 503891.880469949974213 ], [ 188188.734147238603327, 503929.772469969815575 ], [ 187485.087946609361097, 503550.420269761816598 ], [ 187487.70014660936431, 503698.528469853044953 ], [ 187388.669646521593677, 503759.162969886674546 ], [ 187331.949113127426244, 503739.375259004416876 ], [ 187286.412363097595517, 503951.633690998831298 ], [ 187337.066846472211182, 504018.117670030274894 ], [ 187332.320446468220325, 504122.817370092088822 ], [ 187277.128646413912065, 504378.974170244997367 ], [ 187231.370746371656423, 504549.021570343524218 ], [ 187184.332446328393416, 504645.92327040003147 ], [ 187246.457246382400626, 504848.584570509032346 ], [ 187201.456146339012776, 505166.485470696585253 ], [ 187124.344646269804798, 505290.056170767289586 ], [ 187106.966246250551194, 505496.770370889571495 ], [ 187210.421146342472639, 505620.501470953633543 ], [ 187198.534346333122812, 505630.73127096198732 ], [ 187133.618046272662468, 505599.973370947642252 ], [ 187098.628146240400383, 505637.789470964926295 ], [ 187248.415446375933243, 505714.546471009205561 ], [ 187229.998146358295344, 505748.725771028141025 ], [ 187124.463546262559248, 505757.07287103246199 ], [ 187115.447446254518582, 505692.624471000861377 ], [ 187101.529446244356222, 505692.177370995748788 ], [ 187059.845046206261031, 505801.553271062497515 ], [ 187030.021646173670888, 506174.378271276073065 ], [ 186967.677446117188083, 506235.543371308594942 ], [ 186940.114146093779709, 506229.728971309261397 ], [ 186928.446046083670808, 506249.325171320640948 ], [ 186946.200346097350121, 506306.649971348291729 ], [ 186865.997146027133567, 506369.229571388510522 ], [ 186927.933146079070866, 506433.875471422681585 ], [ 186917.457746071973816, 506497.996471461723559 ], [ 186908.941146062337793, 506550.122471496870276 ], [ 186914.986146069306415, 506571.189771506295074 ], [ 186886.029546039673733, 506636.135671540570911 ], [ 186925.634146075870376, 506681.564471564139239 ], [ 186974.192046119598672, 506695.502771577099338 ], [ 186971.057446117891232, 506733.745671596843749 ], [ 186949.728146097389981, 506760.363471611402929 ], [ 186890.703146045998437, 506743.624471598188393 ], [ 186849.761846005509142, 507020.90147176181199 ], [ 186838.497145994915627, 507154.453471838845871 ], [ 186807.754645967390388, 507184.754271857789718 ], [ 186877.126646025426453, 507350.308571950881742 ], [ 186860.874146013316931, 507362.009471956815105 ], [ 186764.656645927490899, 507181.953971854702104 ], [ 186614.644445789948804, 507313.251771933573764 ], [ 186571.938045748742297, 507656.925172130751889 ], [ 185844.877145090140402, 508468.479972599074244 ], [ 185692.693144946009852, 509219.753473026270512 ], [ 185159.805144460609881, 510014.49347349058371 ], [ 184808.040144142636564, 510218.071473609365057 ], [ 184650.604444001422962, 510313.074373663403094 ], [ 184315.47914369913633, 510369.937473699508701 ], [ 183948.448143368383171, 510624.454473846359178 ], [ 183945.18994336790638, 510663.423373868106864 ], [ 184990.294744302023901, 510633.746173847059254 ], [ 185658.257944904355099, 510538.236473782919347 ], [ 185670.598944912781008, 510615.719773831486236 ], [ 185611.749144861241803, 510704.572473879321478 ], [ 185000.000144310499309, 510778.460473925690167 ], [ 183353.694142833061051, 510820.480473965057172 ], [ 183998.814143408031669, 511284.346374226559419 ], [ 184324.733143699122593, 511357.9324742652243 ], [ 184319.289143697184045, 511237.490474197489675 ], [ 183934.040143351361621, 511117.653474134160206 ], [ 183920.596343341690954, 511006.971074067812879 ], [ 183950.974143368861405, 510903.400474008114543 ], [ 184148.456143546791282, 510873.18427398824133 ], [ 184334.153143712028395, 511069.032474101986736 ], [ 184463.352643825754058, 511108.470774118963163 ], [ 184909.543144227558514, 511150.751474136835895 ], [ 185253.476944534108043, 510998.630774047516752 ], [ 185629.314144874049816, 510734.65847389656119 ], [ 185683.967644925578497, 510675.017273863952141 ], [ 185798.613945026532747, 510789.347873923252337 ], [ 185272.349144548847107, 511326.852474241168238 ], [ 185121.194644410366891, 511641.778274419368245 ], [ 185382.782144642085768, 512174.423474716255441 ], [ 185345.968144604790723, 512273.089774772292003 ], [ 185146.654144426516723, 512347.112474819179624 ], [ 185132.22484441215056, 512584.642774950654712 ], [ 185192.047144462121651, 512793.186375075485557 ], [ 185356.025244609307265, 512946.423975155863445 ], [ 185405.811444650491467, 513115.179875251604244 ], [ 185418.215644662675913, 513259.124175333767198 ], [ 185553.565944782254519, 513337.742775376711506 ], [ 185704.648144914652221, 513451.754475439665839 ], [ 185654.779144869709853, 513596.329475522739813 ], [ 185668.989438905759016, 513633.570072196773253 ], [ 185886.851370263815625, 513788.072046072746161 ], [ 189506.096282006241381, 514610.022456157603301 ], [ 189512.031448312860448, 514603.967476058052853 ], [ 189541.577948336780537, 514591.453876048966777 ], [ 189641.365080670570023, 514640.742743743874598 ], [ 189713.423034150269814, 514657.107500994869042 ], [ 190117.158148852642626, 514652.008476080023684 ], [ 190055.813148801098578, 514450.776575966214295 ], [ 190187.281148918322287, 514347.394475906679872 ], [ 190254.365148976445198, 514407.852475937630516 ], [ 190574.137149263435276, 514315.096475883095991 ], [ 190709.98414939007489, 514121.852475773135666 ], [ 190901.956149561767234, 514043.548475723480806 ], [ 191098.238149738754146, 514058.098475732840598 ], [ 191188.433149815391516, 514114.574575757607818 ], [ 191859.46725041497848, 514174.9461757914396 ], [ 192275.219550786103355, 514369.598275895928964 ], [ 192669.163451135333162, 514664.695876054465771 ], [ 193456.446051835519029, 515033.054576257476583 ], [ 193498.857351871381979, 515192.753876350878272 ], [ 193578.22315194120165, 515338.503476424724795 ], [ 193676.109052026062272, 515406.147876464703586 ], [ 193938.572552261641249, 515363.59827643976314 ], [ 194928.905453148996457, 515121.74807628832059 ], [ 195268.484253451402765, 515235.954076349502429 ], [ 195580.91755373030901, 515240.756576347630471 ], [ 195598.19851000685594, 515258.557998961303383 ], [ 195924.662462382635567, 514798.686153299291618 ], [ 195851.59465478581842, 514183.320981141761877 ], [ 194643.866306683950825, 512040.130069681850728 ], [ 194874.859073672501836, 511424.92080061591696 ], [ 195212.341285137663363, 510526.387134055024944 ], [ 195505.926015218516113, 510227.395409250690136 ], [ 197233.474058203457389, 510936.834982961881906 ], [ 197418.845825121010421, 511013.008579663233832 ], [ 198794.923565493954811, 508169.516223342798185 ], [ 197264.905961551470682, 507288.395463947730605 ], [ 196881.574926815461367, 507067.763702829077374 ], [ 197121.19164303469006, 506569.314845173386857 ], [ 197271.853048906254116, 506481.907302263716701 ], [ 198609.656023501825985, 505706.109198237361852 ], [ 198591.165389889094513, 504612.802640324516688 ], [ 197882.024385595228523, 504406.730917948822025 ], [ 197628.540048400347587, 503736.079087561636698 ], [ 197805.637333262799075, 503206.16183010826353 ], [ 198491.531045070354594, 502633.696547241997905 ], [ 198090.896635440672981, 502217.833619537588675 ] ] ], [ [ [ 182820.088142349995906, 511545.892474384454545 ], [ 182455.665942024847027, 511587.870374410704244 ], [ 182234.166641822695965, 511661.415374448057264 ], [ 182164.304141762899235, 511692.700474470853806 ], [ 182139.771441739227157, 511628.258974431024399 ], [ 182169.976641768706031, 511541.039974389248528 ], [ 182227.324141820601653, 511491.971474356134422 ], [ 182354.642641932965489, 511371.933774286764674 ], [ 182378.355141957697924, 511211.327474195568357 ], [ 182319.905141906550853, 511166.86247417004779 ], [ 182228.986341824114788, 511257.441874222655315 ], [ 182201.240541798644699, 511382.817374292237218 ], [ 182007.241541621420765, 511571.208474404877052 ], [ 181991.087941605685046, 511737.520874498412013 ], [ 182114.416141716908896, 511804.096474539954215 ], [ 182336.094841916579753, 511694.957474473572802 ], [ 182467.583142033225158, 511763.278474509832449 ], [ 182543.873142099968391, 511845.01547455805121 ], [ 182721.333942259603646, 511713.845774484216236 ], [ 182820.088142349995906, 511545.892474384454545 ] ] ], [ [ [ 183556.840343010466313, 511492.774274345720187 ], [ 183721.376143155415775, 511627.020474419405218 ], [ 183713.818843149725581, 511767.263674504181836 ], [ 183772.19014320182032, 511863.02947455260437 ], [ 184127.621943522681249, 511657.041474434779957 ], [ 183793.03404322170536, 511602.915074408811051 ], [ 183703.366143142804503, 511467.778274334792513 ], [ 183504.650942966225557, 511367.281874274369329 ], [ 183114.441242614557268, 511654.571574445057195 ], [ 183006.694242514640791, 511880.866874570958316 ], [ 182972.368842483556364, 512066.603874680004083 ], [ 182992.95914249800262, 512239.445774776337203 ], [ 183108.751142600900494, 512274.088474794931244 ], [ 183366.81414283401682, 512163.330474729300477 ], [ 183529.320142982527614, 511943.266474603267852 ], [ 183466.293542927392991, 511840.931974545470439 ], [ 183460.944142920634476, 511779.573374508996494 ], [ 183424.411742892873008, 511546.203674376709387 ], [ 183556.840343010466313, 511492.774274345720187 ] ] ], [ [ [ 185262.39684452075744, 513262.079875338473357 ], [ 185273.663144531747093, 513200.991475303308107 ], [ 184898.672044201462995, 512797.341475076624192 ], [ 184856.467644164804369, 512752.877575052087195 ], [ 184771.842644090007525, 512642.354374990100041 ], [ 184713.137144035921665, 512495.093474905355833 ], [ 184737.347744063561549, 512228.080274755018763 ], [ 184891.164544202096295, 511961.255274600058328 ], [ 184983.214344287029235, 511807.689174512401223 ], [ 184664.494044001388829, 511825.469274526287336 ], [ 184470.080443824554095, 511945.060474596335553 ], [ 184356.820543721871218, 512100.320774686115328 ], [ 184204.156143584550591, 512151.633474718197249 ], [ 184071.72214346419787, 512282.600474792532623 ], [ 183852.812143267336069, 512367.117474842467345 ], [ 183637.674443075782619, 512344.456874832510948 ], [ 183531.647542978578713, 512493.084274915163405 ], [ 183083.297242574597476, 512877.112875136430375 ], [ 183049.231742543284781, 513117.772275277471635 ], [ 183146.776042626675917, 513266.326675363001414 ], [ 183536.558642975171097, 513391.439275428070687 ], [ 183691.123143114236882, 513340.10447539400775 ], [ 183838.229743248783052, 513202.135075314610731 ], [ 183955.563843355572317, 513077.165875244943891 ], [ 184058.335743445932167, 513069.544475241797045 ], [ 184087.685043471603421, 513211.989675319287926 ], [ 184154.446843529003672, 513327.096275385643821 ], [ 184266.138143629708793, 513348.231675395392813 ], [ 184393.237943741609342, 513360.83077540283557 ], [ 184469.769143812707625, 513387.419475414790213 ], [ 184637.591443961428013, 513368.024375404696912 ], [ 184897.735444195772288, 513354.418775391532108 ], [ 185094.279144369880669, 513368.166775397316087 ], [ 185262.71664452040568, 513398.09947541274596 ], [ 185262.39684452075744, 513262.079875338473357 ] ] ] ] } },
{ "type": "Feature", "properties": { "unit_id": 22, "unit_name": "Losser", "heat_exposure_index_mean": 0.04416792584432952, "access_median": 2205.7454061487551, "population_sum": 20730.189, "vulnerability_score": 0.11907154329932859 }, "geometry": { "type": "Polygon", "coordinates": [ [ [ 269266.127521020360291, 473165.200309046951588 ], [ 267891.003063187527005, 472379.349376951111481 ], [ 266819.946063008275814, 472121.345678952697199 ], [ 266585.990218372899108, 472130.430449648760259 ], [ 266534.892363344784826, 472067.232664173701778 ], [ 266339.827343277225737, 472124.444140244857408 ], [ 266069.595217905181926, 472266.009549749142025 ], [ 266051.170217893144581, 472214.930449713137932 ], [ 265951.410217799129896, 472300.100449773017317 ], [ 265687.727217562380247, 472350.20054980693385 ], [ 265582.849217465147376, 472370.116449827561155 ], [ 265419.879217319306917, 472399.321449841139838 ], [ 265151.239260355709121, 472289.034184130723588 ], [ 264679.117559186939616, 472199.030893410090357 ], [ 264443.114216448040679, 472183.248449749371503 ], [ 264308.107216332340613, 472023.843449654174037 ], [ 264166.838216205826029, 471974.366449634369928 ], [ 264196.792216237750836, 471812.841449534054846 ], [ 264027.739216090645641, 471680.2294494570815 ], [ 263910.579215991485398, 471491.924449344573077 ], [ 263909.167998574266676, 471487.318980276875664 ], [ 262826.349172419810202, 472766.343137499061413 ], [ 262810.338566016580444, 473258.983439931354951 ], [ 263261.52777959802188, 474516.275074992852751 ], [ 262946.189270152128302, 476628.017487007658929 ], [ 260904.774189761665184, 478443.043762188928667 ], [ 260792.209444433130557, 479005.123822482768446 ], [ 261279.09497303084936, 479449.677468928101007 ], [ 261116.313240997318644, 480118.328688512556255 ], [ 261568.007025382976281, 481311.361726409173571 ], [ 261476.103713502088794, 482354.680751089530531 ], [ 260539.232737165875733, 482855.347538076515775 ], [ 260672.403654368390562, 483891.158071224635933 ], [ 261187.987722508260049, 483891.589769581914879 ], [ 261763.870989668095717, 484040.7369464210351 ], [ 261585.075401782785775, 484503.044926541217137 ], [ 261700.661667930980911, 484787.069712157477625 ], [ 262076.889323195879115, 485335.679978695814498 ], [ 262310.072655598982237, 485556.829913479276001 ], [ 262561.704921783646569, 485679.504682027501985 ], [ 262850.295872955815867, 485738.446788906760048 ], [ 262294.01882780023152, 487357.516173763840925 ], [ 262835.485407094587572, 489175.878525078529492 ], [ 263842.673329822253436, 488348.842666506359819 ], [ 265371.582159308600239, 487461.915591797209345 ], [ 266972.641968542709947, 487896.23416468151845 ], [ 267648.547753006103449, 488024.150266644428484 ], [ 269732.601652144920081, 488577.676372329646256 ], [ 269741.627220651542302, 488548.779459270299412 ], [ 269756.628052383079194, 488362.155377520364709 ], [ 269755.965197705547325, 486281.856094593182206 ], [ 269088.874899823451415, 485168.075697216147091 ], [ 268808.923219947726466, 484746.856557073711883 ], [ 268743.327219891827554, 484646.899457015562803 ], [ 268744.063078074424993, 484525.175672427634709 ], [ 268255.453070523566566, 483213.535904254589695 ], [ 268162.800219427386764, 483052.020456095284317 ], [ 268174.620219447417185, 482776.120455933618359 ], [ 268197.254272950987797, 482722.592230840527918 ], [ 268187.579822683066595, 482502.924248849623837 ], [ 268088.040219386282843, 482238.580455615068786 ], [ 268125.070219420013018, 482258.380455626407638 ], [ 268165.693292861862574, 482175.026103958138265 ], [ 268092.614782798569649, 482042.381564763200004 ], [ 267931.317219258227851, 481952.756455451482907 ], [ 267942.890219269087538, 481903.580455425253604 ], [ 267612.470218975853641, 481774.580455354822334 ], [ 267789.990219138970133, 481630.870455270516686 ], [ 267707.281090473232325, 481342.963774081610609 ], [ 267505.058624484110624, 480975.910507769091055 ], [ 267307.004218740970828, 480668.462454715336207 ], [ 266830.005218351318035, 479484.903454028477427 ], [ 266827.069218365009874, 478968.027453722024802 ], [ 266885.833179043140262, 478811.548041765810922 ], [ 266970.524609910091385, 477989.828238581831101 ], [ 266937.943218500295188, 477931.192453103663865 ], [ 267021.555218590830918, 477447.927452812436968 ], [ 267134.46232321759453, 477348.685980658687185 ], [ 267795.260459980403539, 476016.222236471774522 ], [ 268008.400219537958037, 475524.500451637548395 ], [ 269633.834694410907105, 473912.701622221909929 ], [ 269266.127521020360291, 473165.200309046951588 ] ] ] } },
{ "type": "Feature", "properties": { "unit_id": 23, "unit_name": "Noordoostpolder", "heat_exposure_index_mean": 0.0031125056527796266, "access_median": 6880.3948892367398, "population_sum": 32.911427, "vulnerability_score": 0.30946406858845904 }, "geometry": { "type": "MultiPolygon", "coordinates": [ [ [ [ 189641.365080670570023, 514640.742743743874598 ], [ 189675.466648456786061, 514657.58687608334003 ], [ 189713.423034150269814, 514657.107500994869042 ], [ 189641.365080670570023, 514640.742743743874598 ] ] ], [ [ [ 185886.851370263815625, 513788.072046072746161 ], [ 185668.989438905759016, 513633.570072196773253 ], [ 185713.673344921757234, 513750.672175611485727 ], [ 185715.520144922920736, 513751.096475609519985 ], [ 185760.167944964836352, 513761.353275613335427 ], [ 185846.408145039953524, 513781.166075627028476 ], [ 185873.36754506608122, 513787.359475632547401 ], [ 185873.463545063335914, 513787.381575630512089 ], [ 188921.881947784975637, 514487.690075992548373 ], [ 189477.293148282187758, 514615.280376063776202 ], [ 189496.595848297496559, 514619.714676067233086 ], [ 189506.096282006241381, 514610.022456157603301 ], [ 185886.851370263815625, 513788.072046072746161 ] ] ], [ [ [ 183745.024036024464294, 533812.309655453078449 ], [ 183704.037942937662592, 533852.306186861591414 ], [ 183076.360142374120187, 534479.850487213232554 ], [ 182521.222921807813691, 535531.884143757401034 ], [ 183745.024036024464294, 533812.309655453078449 ] ] ], [ [ [ 184188.639958231098717, 533188.980739038088359 ], [ 184421.706793035613373, 533179.981507510994561 ], [ 184117.560143311624415, 533132.590486460714601 ], [ 184112.00041567455628, 533296.667683137580752 ], [ 184188.639958231098717, 533188.980739038088359 ] ] ], [ [ [ 185953.917949471913744, 533120.819409408606589 ], [ 185777.260144790488994, 533116.860486433492042 ], [ 185758.701199450122658, 533128.357164546032436 ], [ 185953.917949471913744, 533120.819409408606589 ] ] ], [ [ [ 189115.48922761157155, 531074.696113095036708 ], [ 189108.322147772938479, 531079.944485276821069 ], [ 188605.370147322042612, 531448.2504854867002 ], [ 188471.50520639368915, 531606.986309731611982 ], [ 189115.48922761157155, 531074.696113095036708 ] ] ], [ [ [ 189739.87588237968157, 530558.604278059559874 ], [ 189618.550148232840002, 530553.360484978416935 ], [ 189463.079748091462534, 530656.818185037118383 ], [ 189349.380147989460966, 530732.480485084583052 ], [ 189240.711161131155677, 530971.192912052385509 ], [ 189739.87588237968157, 530558.604278059559874 ] ] ], [ [ [ 192517.11857162907836, 525545.764798468211666 ], [ 192947.004401010402944, 525191.162933352985419 ], [ 192526.940150881709997, 525434.560482105705887 ], [ 192480.870150839153212, 525539.590482167317532 ], [ 192431.159150793682784, 525717.433482264983468 ], [ 192363.713555650552735, 525961.459957040613517 ], [ 192517.11857162907836, 525545.764798468211666 ] ] ], [ [ [ 193425.644417817791691, 524233.828452721354552 ], [ 193460.608752626460046, 524195.235992923378944 ], [ 193366.820151644205907, 524190.950481400475837 ], [ 193379.78110907561495, 524363.933688541408628 ], [ 193425.644417817791691, 524233.828452721354552 ] ] ], [ [ [ 193531.768479221384041, 522472.009751232340932 ], [ 193687.280151949613355, 522655.920480545784812 ], [ 193748.166077656467678, 522671.266229169850703 ], [ 193531.768479221384041, 522472.009751232340932 ] ] ], [ [ [ 192094.175770065601682, 521148.290532504557632 ], [ 192024.326932667201618, 520446.542086219356861 ], [ 192384.766316554625519, 520367.836635721498169 ], [ 192375.040150805085432, 520296.090479241043795 ], [ 192065.030150530103128, 520338.080479263095185 ], [ 192027.068150494247675, 520398.751479299040511 ], [ 191923.720150398963597, 520562.870479392935522 ], [ 191899.550150376919191, 520776.940479510463774 ], [ 191973.330150436988333, 521035.830479655298404 ], [ 192395.600150812213542, 521452.185379885486327 ], [ 192745.730151119554648, 521797.410480075748637 ], [ 192700.110151077242335, 521842.810480099054985 ], [ 192843.731451204163022, 521987.489780179515947 ], [ 193022.880151360586751, 522179.24048028542893 ], [ 193137.05709274293622, 522108.563940186810214 ], [ 192094.175770065601682, 521148.290532504557632 ] ] ], [ [ [ 194784.23459314336651, 519604.135216739028692 ], [ 194744.138552928343415, 519633.610378839657642 ], [ 194705.298944109032163, 519673.980727532471064 ], [ 194784.23459314336651, 519604.135216739028692 ] ] ], [ [ [ 195416.905413796310313, 519044.322037608420942 ], [ 195689.995245894766413, 518936.046903297945391 ], [ 195618.891753719857661, 518953.953078443359118 ], [ 195534.410053641156992, 518975.228278455149848 ], [ 195463.360153578338213, 518993.120478465687484 ], [ 195394.394153518456733, 519020.209578484180383 ], [ 195387.937253512005555, 519022.745578486297745 ], [ 195383.850153508945368, 519024.350478484120686 ], [ 195333.340153461642331, 519067.762578507128637 ], [ 195329.03725345627754, 519071.460778510605451 ], [ 195307.188053437537747, 519090.239578525244724 ], [ 195288.68905342288781, 519107.256678534671664 ], [ 195174.812100985262077, 519258.536163923155982 ], [ 195416.905413796310313, 519044.322037608420942 ] ] ], [ [ [ 197634.140287460497348, 517504.943419662828092 ], [ 197631.563555534696206, 517504.560477600432932 ], [ 197540.590155451849569, 517587.490477647108492 ], [ 197516.497924287657952, 517639.266328762110788 ], [ 197634.140287460497348, 517504.943419662828092 ] ] ] ] } },
{ "type": "Feature", "properties": { "unit_id": 24, "unit_name": "Oldenzaal", "heat_exposure_index_mean": 0.31997604643893657, "access_median": 1304.263012639695, "population_sum": 32885.762, "vulnerability_score": 0.43147803120397016 }, "geometry": { "type": "Polygon", "coordinates": [ [ [ 257892.295606243831571, 479390.513695385714527 ], [ 255593.02744585002074, 479933.968749350460712 ], [ 255525.805995162110776, 480655.389132212672848 ], [ 257749.630669146834407, 482997.719659470312763 ], [ 258163.242470934754238, 483821.069993680983316 ], [ 260075.814355343900388, 483539.844075021275785 ], [ 260672.403654368390562, 483891.158071224635933 ], [ 260539.232737165875733, 482855.347538076515775 ], [ 261476.103713502088794, 482354.680751089530531 ], [ 261568.007025382976281, 481311.361726409173571 ], [ 261116.313240997318644, 480118.328688512556255 ], [ 261279.09497303084936, 479449.677468928101007 ], [ 260792.209444433130557, 479005.123822482768446 ], [ 260904.774189761665184, 478443.043762188928667 ], [ 259541.470983751118183, 478398.341721144330222 ], [ 259151.673940632987069, 478224.119960913958494 ], [ 259044.539286701154197, 478592.421357921615709 ], [ 257892.295606243831571, 479390.513695385714527 ] ] ] } },
{ "type": "Feature", "properties": { "unit_id": 25, "unit_name": "Ommen", "heat_exposure_index_mean": 0.015235443827699409, "access_median": 3584.0017097543464, "population_sum": 17941.664, "vulnerability_score": 0.15562976596050876 }, "geometry": { "type": "Polygon", "coordinates": [ [ [ 222556.019016107049538, 494009.837875851546414 ], [ 222729.337920101126656, 495022.90525453427108 ], [ 221951.411098361655604, 496162.690406496578362 ], [ 222176.109650269034319, 496915.334636680199765 ], [ 219961.284625520725967, 497166.914254953968339 ], [ 219977.611452506505884, 499794.151689895894378 ], [ 219904.301460172893712, 500175.120643793838099 ], [ 219149.745801323908381, 504099.554790784488432 ], [ 219852.871493566723075, 504070.226225511753 ], [ 219987.453621475608088, 504089.744689671439119 ], [ 221028.37896237737732, 504665.449093615752645 ], [ 219798.408033224084647, 508194.071784993924666 ], [ 218580.750119388918392, 511675.117567083681934 ], [ 218438.943359602650162, 512080.844645640871022 ], [ 223708.345039441424888, 512007.207760149845853 ], [ 223829.029943878558697, 511746.010349048476201 ], [ 224776.639939764514565, 509696.147308795480058 ], [ 229544.211794929753523, 509582.443657458643429 ], [ 230826.726480754383374, 510277.183979310560971 ], [ 231995.800376115192194, 508538.518723210669123 ], [ 232457.861302545905346, 507199.747555185225792 ], [ 232737.077869347762316, 505476.960345120460261 ], [ 233311.512282853247598, 504891.231197980116121 ], [ 233429.063088409195188, 504127.832187745370902 ], [ 234188.624231269146549, 503477.848622702702414 ], [ 234553.295023976563243, 504072.675845073652454 ], [ 234873.309068141708849, 504098.454659475071821 ], [ 234977.967402721638791, 503820.838091404526494 ], [ 234696.582279214693699, 503639.821642252383754 ], [ 234771.923191411420703, 503454.245607733144425 ], [ 237924.431083614646923, 501263.748275419988204 ], [ 237073.623582890082616, 499863.862013869686052 ], [ 234296.131663283624221, 500610.443325193540659 ], [ 231174.124216668191366, 500897.960190424870234 ], [ 230693.500573423982132, 499949.279239603434689 ], [ 228054.378443923866143, 498943.194097946805414 ], [ 227506.490336399700027, 498414.930336124671157 ], [ 227240.857956679770723, 497575.994300360383932 ], [ 226964.198663765622769, 497467.400140719721094 ], [ 226738.949486049939878, 496427.005118245724589 ], [ 225960.066299392346991, 495181.249320578877814 ], [ 223246.276488732226426, 493834.742356282193214 ], [ 222556.019016107049538, 494009.837875851546414 ] ] ] } },
{ "type": "Feature", "properties": { "unit_id": 26, "unit_name": "Staphorst", "heat_exposure_index_mean": 0.023860922721600331, "access_median": 3510.7836535126262, "population_sum": 18251.701, "vulnerability_score": 0.16289226192428286 }, "geometry": { "type": "Polygon", "coordinates": [ [ [ 208708.615537508419948, 511437.075382911541965 ], [ 208118.660480401187669, 511325.99002226209268 ], [ 206531.855338094639592, 511027.580190737615339 ], [ 205461.009291629452491, 510749.991141472884919 ], [ 205115.559519826580072, 511518.937389381870162 ], [ 204767.362693851435324, 512294.262366885261144 ], [ 203584.402970757568255, 513303.007171065779403 ], [ 203672.223439976514783, 514985.178189156926237 ], [ 203516.680392763810232, 515485.510244403558318 ], [ 203126.384651800413849, 515730.017631554102991 ], [ 203019.481676868919749, 516449.620787131541874 ], [ 203373.836983474495355, 517357.916522008366883 ], [ 203562.312199802836403, 518989.439771898498293 ], [ 204470.722768290084787, 519896.123711218591779 ], [ 204540.794198699964909, 520302.704795213241596 ], [ 206528.912612233689288, 521947.219316160073504 ], [ 207077.264395446691196, 522862.172586679749656 ], [ 207172.435617514216574, 523021.012716433033347 ], [ 207353.777206047234358, 522865.127316014899407 ], [ 207832.662515992298722, 522453.546732806717046 ], [ 207674.831264632142847, 522008.684081686544232 ], [ 207464.317164243664593, 521684.015479805588257 ], [ 207530.154064302885672, 521619.293379768496379 ], [ 207846.723164586961502, 521501.757479699910618 ], [ 207949.461964679707307, 521452.689979664224666 ], [ 208462.116165138228098, 521257.209479548735544 ], [ 208668.754265321884304, 521182.386479506501928 ], [ 208833.135165472049266, 521142.654479481861927 ], [ 208748.826165393256815, 521342.581479595857672 ], [ 208902.278165528841782, 521382.065479613374919 ], [ 208806.374400824512122, 521604.454530873626936 ], [ 208808.33362722871243, 521904.248563965316862 ], [ 209137.758841118367855, 521672.590806324733421 ], [ 209146.437165739829652, 521652.497479761717841 ], [ 209192.301870351802791, 521634.235163482604548 ], [ 209408.643325149751035, 521482.09994677756913 ], [ 209433.912166003428865, 521301.005479556741193 ], [ 209580.756166134146042, 521325.245479570585303 ], [ 209594.601166141161229, 521569.714479709800798 ], [ 209621.64062449731864, 521616.223138337605633 ], [ 210075.157186232274398, 522174.990290580492001 ], [ 210245.737404543615412, 522212.478626351046842 ], [ 210298.642166758712847, 522171.428480029455386 ], [ 210390.284398791904096, 522244.245652496581897 ], [ 210490.394406810664805, 522266.246782708272804 ], [ 210648.66016706766095, 522293.711480093887076 ], [ 210806.176167207915569, 522229.709480052173603 ], [ 210779.229167181940284, 522304.569480095000472 ], [ 210888.994167279393878, 522344.15348011860624 ], [ 210892.221876866475213, 522354.556220158934593 ], [ 211058.373463966447162, 522391.071277694194578 ], [ 211129.472863105213037, 522346.229713149077725 ], [ 211137.547667501523392, 522332.732980109227356 ], [ 211143.33759826575988, 522337.485385853331536 ], [ 211256.053721685224446, 522266.396637076104525 ], [ 211226.755167582741706, 522206.080480034637731 ], [ 211393.961167733534239, 522107.701479975366965 ], [ 211382.863167727424297, 522035.428479933994822 ], [ 211499.810467830131529, 522020.650479927833658 ], [ 211647.870167963410495, 521994.373479908914305 ], [ 211803.343168101564515, 521865.028479835717008 ], [ 211829.165638487844262, 521904.941613261995371 ], [ 211864.297112090629525, 521882.784601244900841 ], [ 211874.252168166625779, 521869.60647983266972 ], [ 211877.776118004985619, 521874.28354890079936 ], [ 212191.395572454173816, 521676.487404634710401 ], [ 212188.949168451537844, 521631.016479698184412 ], [ 212428.479813818878029, 521526.96112958091544 ], [ 212457.467947689379798, 521508.678650520043448 ], [ 212460.324581942812074, 521508.640004750224762 ], [ 212477.146168711886276, 521460.605479594261851 ], [ 212708.82616891755606, 521483.479479604342487 ], [ 212744.561846025608247, 521504.794721486920025 ], [ 212990.276955319888657, 521501.470582407724578 ], [ 213267.68751896781032, 521042.86156235873932 ], [ 213177.546169343666406, 520937.845479288196657 ], [ 213306.662669462675694, 520784.526979209156707 ], [ 213393.238606835802784, 520835.303275406477042 ], [ 213397.409475471707992, 520828.408087448566221 ], [ 213378.095169524225639, 520753.297479184402619 ], [ 213496.833169634250225, 520619.577479105792008 ], [ 213648.914169769384898, 520656.620479125180282 ], [ 213682.174169797857758, 520588.125479083973914 ], [ 213704.752169818704715, 520643.283479115809314 ], [ 213761.69416986827855, 520591.623479082947597 ], [ 213795.520191897900077, 520622.091064892534632 ], [ 214412.478549205174204, 520420.097942883498035 ], [ 214412.516170451795915, 520419.88947896938771 ], [ 214418.435170458251378, 520339.389478933764622 ], [ 214725.708170739089837, 520068.308478771708906 ], [ 214946.879170935600996, 520083.928478777117562 ], [ 214991.562498873478035, 520213.296409165603109 ], [ 215408.149816581601044, 520495.038691984605975 ], [ 215755.407678973366274, 520256.65646455460228 ], [ 215738.606171637831721, 520147.580478797259275 ], [ 215887.329171773773851, 520014.36447871895507 ], [ 215905.977171793696471, 519933.577478677616455 ], [ 215958.326171839027666, 519982.614478700445034 ], [ 215984.320171862083953, 519932.516478677745908 ], [ 216209.104172062303405, 519824.377478613343555 ], [ 216452.871172280574683, 519814.625478598813061 ], [ 216427.493540823110379, 519952.906682286178693 ], [ 216671.890044020488858, 520231.130622271739412 ], [ 216728.094172519340646, 520208.531478816526942 ], [ 216726.300172516464954, 520282.647478858998511 ], [ 216903.08017267138348, 520277.068478854140267 ], [ 216875.308172645483864, 520340.164478890015744 ], [ 216881.013004195760004, 520344.758677469973918 ], [ 216953.281095702375751, 520363.709285103774164 ], [ 217142.657172888313653, 520259.244478834443726 ], [ 217401.992173115111655, 520319.71147886372637 ], [ 217535.725373235414736, 520386.608178901311476 ], [ 217563.167173256486421, 520466.72147894394584 ], [ 217699.9861733802245, 520468.775478942261543 ], [ 217683.223173363861861, 520536.29897897853516 ], [ 217747.602173421590123, 520546.464478985464666 ], [ 217750.469616935355589, 520572.753229133493733 ], [ 218278.986050331324805, 520711.344235876458697 ], [ 218647.317590130493045, 520319.911523784219753 ], [ 218646.827332496090094, 520271.99614019296132 ], [ 218643.088174221949885, 520266.568478812579997 ], [ 218646.737675087846583, 520263.233463578973897 ], [ 218644.494040572084486, 520043.951598463405389 ], [ 218620.600174209248507, 519997.636478662025183 ], [ 218505.760174108843785, 519906.889478611468803 ], [ 218505.984274110553088, 519710.909978503186721 ], [ 218598.560174193960847, 519633.354478455032222 ], [ 218508.90517411835026, 519550.057478410832118 ], [ 218540.877174147579353, 519466.942478363984264 ], [ 218637.703855391417164, 519439.311526161734946 ], [ 218529.066282531130128, 519281.31540276639862 ], [ 217048.826802012597909, 512564.816903455473948 ], [ 212469.003385998861631, 511599.644037460559048 ], [ 210227.867830340692308, 511129.032414737041108 ], [ 208708.615537508419948, 511437.075382911541965 ] ] ] } },
{ "type": "Feature", "properties": { "unit_id": 27, "unit_name": "Tubbergen", "heat_exposure_index_mean": 0.030527859507834529, "access_median": 3466.4141451792425, "population_sum": 21775.33, "vulnerability_score": 0.1711950229363105 }, "geometry": { "type": "Polygon", "coordinates": [ [ [ 255392.979422160657123, 496934.347158778633457 ], [ 255493.86440588205005, 496907.413895324862096 ], [ 257809.122667789226398, 496201.381521603267174 ], [ 258268.370210166729521, 496023.750464000855573 ], [ 260703.340212360431906, 495316.680463509459514 ], [ 260736.940212391433306, 495331.160463519452605 ], [ 260732.350212387391366, 495335.390463520481717 ], [ 260738.100212392222602, 495341.450463525718078 ], [ 260747.102512398822, 495332.915063514141366 ], [ 261074.730701015621889, 495454.45608456316404 ], [ 261053.809136094845599, 495035.222266657103319 ], [ 257770.307623384112958, 494966.598253642732743 ], [ 254812.889090473210672, 494252.115278709388804 ], [ 254662.553068489971338, 492892.793502408021595 ], [ 255387.266535380214918, 491820.545803021872416 ], [ 255456.812614807509817, 487188.766093977261335 ], [ 255035.500561599561479, 486894.516239616088569 ], [ 252422.340518116310704, 487292.582726655062288 ], [ 250264.434218607173534, 486736.875863129389472 ], [ 249577.361169161216822, 485333.040039283165243 ], [ 248709.742034537892323, 484816.954898471245542 ], [ 248585.629846470837947, 484662.816093903034925 ], [ 248526.49728429823881, 484339.009789427276701 ], [ 248503.773473451437894, 483568.06315472337883 ], [ 248150.360503378207795, 483330.012694108998403 ], [ 247938.282033406925621, 483286.509194553480484 ], [ 247445.952860943216365, 483997.755764628294855 ], [ 246819.994797702645883, 484338.862186998478137 ], [ 245905.019291451550089, 484529.928972599445842 ], [ 245210.306112075166311, 484796.872221953526605 ], [ 245786.806806229113135, 485757.142256236926187 ], [ 245769.46794446502463, 486637.662531163136009 ], [ 245245.94084689146257, 488387.623173782485537 ], [ 244661.401337113056798, 488876.571621142502408 ], [ 244262.575123599963263, 490352.951848661992699 ], [ 242326.133096430741716, 492901.317679146421142 ], [ 242686.480726893380051, 494270.523059834027663 ], [ 242444.607478819263633, 495467.473249646427575 ], [ 242727.733296916878317, 495951.689845721411984 ], [ 243751.837499188026413, 496426.761558879050426 ], [ 245391.260860057664104, 499763.32105154695455 ], [ 245450.155832430406008, 499738.171721190679818 ], [ 245580.743603664159309, 499655.590151738957502 ], [ 245658.725257486832561, 499649.108407946245279 ], [ 246014.428145367390243, 499497.216165271296632 ], [ 246097.116736297466559, 499440.920757421932649 ], [ 247797.45020075107459, 498248.930465582816396 ], [ 248062.83020098938141, 498164.872465528431349 ], [ 249291.950202099251328, 497775.400465267128311 ], [ 250454.66843156851246, 497806.926546784467064 ], [ 253562.81650593172526, 497861.748818225227296 ], [ 254059.890206355950795, 497823.210465162817854 ], [ 254577.485291920951568, 497879.645792975847144 ], [ 254707.610193080792669, 497881.940967620641459 ], [ 254611.400206876627635, 496802.110464554803912 ], [ 254687.644206946657505, 496823.182364564505406 ], [ 254922.047931666515069, 496888.028235154750291 ], [ 255392.979422160657123, 496934.347158778633457 ] ] ] } },
{ "type": "Feature", "properties": { "unit_id": 28, "unit_name": "Wierden", "heat_exposure_index_mean": 0.087461046215367336, "access_median": 2743.6621466700503, "population_sum": 23679.006, "vulnerability_score": 0.20593685328129718 }, "geometry": { "type": "Polygon", "coordinates": [ [ [ 238032.59927633497864, 476578.432327990944032 ], [ 235680.854873362113722, 476449.985237054468598 ], [ 234615.505847742198966, 477894.718551274039783 ], [ 234369.208532959717559, 478443.296020215493627 ], [ 234529.394157310016453, 479501.744541057327297 ], [ 234395.140370466426248, 480535.099694035714492 ], [ 233950.769088375061983, 481675.644502863346133 ], [ 233248.242364947189344, 481535.17140838643536 ], [ 232703.497459240985336, 482281.312945956073236 ], [ 232152.296173406182788, 482487.262528282532003 ], [ 230773.875686291139573, 482327.103363757603802 ], [ 228696.238489703973755, 482604.89861432951875 ], [ 230245.326664876018185, 485133.688109682290815 ], [ 232117.524718441825826, 486047.952541979437228 ], [ 232086.267584906279808, 486562.510115841287188 ], [ 230740.749711317854235, 486841.2723040531273 ], [ 230493.02396235690685, 487751.401915426657069 ], [ 230585.538586029841099, 488211.623100384196732 ], [ 231652.860847905249102, 488862.04057772125816 ], [ 231375.938371916709002, 490035.605111500248313 ], [ 231835.171867048164131, 491456.613498967839405 ], [ 235871.495141919294838, 492840.593286590010393 ], [ 237486.513986127538374, 489107.416166951647028 ], [ 238637.716608236136381, 486598.116315960884094 ], [ 238081.564499581581913, 485059.792741507408209 ], [ 237561.743354863749119, 484393.025899802043568 ], [ 238886.460467305470956, 482862.506031615368556 ], [ 238187.304117383959237, 481325.546566283795983 ], [ 238617.406343753478723, 481136.63081687776139 ], [ 238784.009307284868555, 480585.628294121532235 ], [ 239818.561234551423695, 480023.115717688517179 ], [ 239530.257445729221217, 478720.885911369638052 ], [ 238032.59927633497864, 476578.432327990944032 ] ] ] } },
{ "type": "Feature", "properties": { "unit_id": 29, "unit_name": "Epe", "heat_exposure_index_mean": 0.0088918091754453827, "access_median": null, "population_sum": null, "vulnerability_score": null }, "geometry": { "type": "MultiPolygon", "coordinates": [ [ [ [ 202360.61250402679434, 486222.521930924558546 ], [ 202250.560160106804688, 486242.472459492913913 ], [ 202041.291159916785546, 486492.051459641661495 ], [ 202041.666145882831188, 486502.290964851446915 ], [ 202360.61250402679434, 486222.521930924558546 ] ] ], [ [ [ 201998.425287900317926, 484880.788577389088459 ], [ 201923.24390196413151, 484089.642029859882314 ], [ 201890.860159809904872, 484293.960458349669352 ], [ 201944.279159856174374, 484418.400458417716436 ], [ 201934.931159842642955, 484963.646458743256517 ], [ 202071.90015996134025, 485096.862458822724875 ], [ 202065.122159956896212, 485171.420458865934052 ], [ 202440.111777884390904, 485272.37083317572251 ], [ 201998.425287900317926, 484880.788577389088459 ] ] ], [ [ [ 201834.189364886202384, 483152.505946590739768 ], [ 201814.460159757756628, 483176.980457685946021 ], [ 201837.037224337051157, 483182.474457337288186 ], [ 201834.189364886202384, 483152.505946590739768 ] ] ], [ [ [ 201794.612672512594145, 482736.033662339556031 ], [ 201793.050644077302422, 482735.926824561436661 ], [ 201793.217159743886441, 482736.770457425387576 ], [ 201796.031469481764361, 482750.963904843374621 ], [ 201794.612672512594145, 482736.033662339556031 ] ] ] ] } },
{ "type": "Feature", "properties": { "unit_id": 30, "unit_name": "Hattem", "heat_exposure_index_mean": null, "access_median": null, "population_sum": null, "vulnerability_score": null }, "geometry": { "type": "MultiPolygon", "coordinates": [ [ [ [ 196661.049778332497226, 501558.399713595921639 ], [ 196672.569430580449989, 501567.978471342823468 ], [ 196664.763154876272893, 501560.136468512180727 ], [ 196662.269434696761891, 501557.271452918939758 ], [ 196661.049778332497226, 501558.399713595921639 ] ] ], [ [ [ 198090.896635440672981, 502217.833619537588675 ], [ 198491.531045070354594, 502633.696547241997905 ], [ 198632.656932455603965, 502569.456660954281688 ], [ 198493.513156504341168, 502628.339469106984325 ], [ 198326.021156359696761, 502289.380468912713695 ], [ 198157.83615620812634, 502149.759468833217397 ], [ 197919.754155996750342, 502091.548468805616722 ], [ 197747.539643424504902, 502165.032810077827889 ], [ 198090.896635440672981, 502217.833619537588675 ] ] ], [ [ [ 199501.060701753682224, 502174.163065816508606 ], [ 199595.405504103837302, 502100.861249066365417 ], [ 199459.453999630932231, 502193.102254527329933 ], [ 199501.060701753682224, 502174.163065816508606 ] ] ], [ [ [ 200280.806719539687037, 501568.334251895546913 ], [ 200519.261030546331313, 501272.155982622294687 ], [ 200569.958328971551964, 501149.449698052951135 ], [ 200293.296258136018878, 501551.990168463031296 ], [ 200121.517539972177474, 501692.09503108082572 ], [ 200280.806719539687037, 501568.334251895546913 ] ] ], [ [ [ 200958.757388625410385, 500208.411624307394959 ], [ 200930.891958725813311, 500252.230967700539622 ], [ 200815.973458616848802, 500512.094167849572841 ], [ 200628.036286795861088, 501008.879477521230001 ], [ 200958.757388625410385, 500208.411624307394959 ] ] ], [ [ [ 201231.528717762732413, 499838.031461570004467 ], [ 201133.647158910927828, 499933.39146751415683 ], [ 201035.96898269909434, 500086.993746785214171 ], [ 201231.528717762732413, 499838.031461570004467 ] ] ], [ [ [ 201750.725512290722691, 499436.788486060569994 ], [ 202372.719784280488966, 499205.89513567276299 ], [ 202581.334702891821507, 499097.136053392256144 ], [ 202689.649900179210817, 499021.622019109665416 ], [ 201821.546159536752384, 499389.375467190926429 ], [ 201480.175159227743279, 499595.790467308834195 ], [ 201374.864885793329449, 499698.387814740650356 ], [ 201750.725512290722691, 499436.788486060569994 ] ] ], [ [ [ 202908.051886196539272, 498869.358851313008927 ], [ 203125.744543581764447, 498637.641821630124468 ], [ 203420.45021514504333, 498243.563959395920392 ], [ 203538.281395227269968, 497934.047984867007472 ], [ 203542.914283479010919, 497889.814905713603366 ], [ 203376.211160948208999, 498301.380766539543401 ], [ 203039.104160638351459, 498720.97346678719623 ], [ 202710.922711970022647, 499006.791267016786151 ], [ 202908.051886196539272, 498869.358851313008927 ] ] ] ] } },
{ "type": "Feature", "properties": { "unit_id": 31, "unit_name": "Heerde", "heat_exposure_index_mean": 0.03026377532014881, "access_median": 8534.5157453456195, "population_sum": 199.67171, "vulnerability_score": 0.43497782975815524 }, "geometry": { "type": "MultiPolygon", "coordinates": [ [ [ [ 204168.449991691362811, 494950.071156540128868 ], [ 204118.188161665515509, 494995.020464603963774 ], [ 203897.972771674627438, 495154.256105763663072 ], [ 204132.58709156740224, 495000.034733199689072 ], [ 204168.449991691362811, 494950.071156540128868 ] ] ], [ [ [ 204673.495848621998448, 493722.112660801212769 ], [ 204592.464162109739846, 493850.174463927571196 ], [ 204721.384892993723042, 494039.457269536622334 ], [ 204673.495848621998448, 493722.112660801212769 ] ] ], [ [ [ 204450.679069796286058, 492245.580722781305667 ], [ 204416.023161969555076, 492369.15946306544356 ], [ 204433.103161982027814, 492697.318463256175164 ], [ 204574.814156828622799, 493068.182241383648943 ], [ 204450.679069796286058, 492245.580722781305667 ] ] ], [ [ [ 204320.647616078960709, 491383.905963040771894 ], [ 204434.253245178784709, 491292.196064996824134 ], [ 204237.984761826053727, 491355.559562474139966 ], [ 204372.395992678153561, 491726.825069905549753 ], [ 204320.647616078960709, 491383.905963040771894 ] ] ], [ [ [ 205454.046855396736646, 490468.951928592461627 ], [ 205388.569162873842288, 490455.279461929225363 ], [ 205237.736162740329746, 490516.055461969517637 ], [ 205120.817162632331019, 490708.349462084239349 ], [ 204805.702162345376564, 490785.907462134433445 ], [ 204611.421762166195549, 491032.44956227944931 ], [ 204538.719286793086212, 491207.864240056311246 ], [ 205454.046855396736646, 490468.951928592461627 ] ] ], [ [ [ 205304.076094802905573, 489003.036735948291607 ], [ 205235.147162748908158, 489675.900461475539487 ], [ 205492.835303976142313, 490218.545572476054076 ], [ 205304.076094802905573, 489003.036735948291607 ] ] ], [ [ [ 204642.425958789826836, 488024.869522889785003 ], [ 204503.247014725668123, 487981.871164276439231 ], [ 204681.811684939952102, 488075.128408449410927 ], [ 204642.425958789826836, 488024.869522889785003 ] ] ], [ [ [ 202329.908822633326054, 487310.433572908281349 ], [ 202041.777939327294007, 486505.343637912650593 ], [ 202060.650159924436593, 487020.675459956808481 ], [ 202160.951160015072674, 487201.746460058551747 ], [ 202347.553160179289989, 487359.808460152475163 ], [ 202972.863665723998565, 487509.069962207518984 ], [ 202329.908822633326054, 487310.433572908281349 ] ] ], [ [ [ 203667.110724484955426, 496139.414996519742999 ], [ 203601.899593087029643, 495827.593609498057049 ], [ 203621.286374170304043, 495565.380689014622476 ], [ 203617.067161207291065, 495573.249464946216904 ], [ 203593.852161183254793, 495798.68846507940907 ], [ 203683.989460668643005, 496422.371636827359907 ], [ 203667.110724484955426, 496139.414996519742999 ] ] ], [ [ [ 203818.441995483444771, 495211.764048960816581 ], [ 203806.115161378955236, 495220.677464740583673 ], [ 203798.803133437701035, 495234.314299377670977 ], [ 203818.441995483444771, 495211.764048960816581 ] ] ] ] } },
{ "type": "Feature", "properties": { "unit_id": 32, "unit_name": "Lochem", "heat_exposure_index_mean": 0.19672608844156167, "access_median": 2336.8972297558407, "population_sum": 116.37835, "vulnerability_score": 0.30952620121720864 }, "geometry": { "type": "MultiPolygon", "coordinates": [ [ [ [ 222956.256481896329205, 473523.769298887229525 ], [ 222930.629852246434893, 473577.930857657222077 ], [ 222937.671692340867594, 473581.365867503802292 ], [ 222956.256481896329205, 473523.769298887229525 ] ] ], [ [ [ 223213.712678091018461, 473259.568387582083233 ], [ 223488.076453129469883, 473204.824796012195293 ], [ 224319.804661363537889, 473287.671856156084687 ], [ 224331.867139395559207, 473285.852804016787559 ], [ 223480.256179501797305, 473196.391451381612569 ], [ 223213.020179257699056, 473253.913451412518043 ], [ 223158.09646465870901, 473284.697457599220797 ], [ 223213.712678091018461, 473259.568387582083233 ] ] ], [ [ [ 224909.527555056964047, 473269.257080569979735 ], [ 225312.744415736931842, 473188.004038509621751 ], [ 225391.479873552452773, 472575.056188753689639 ], [ 225464.014651118806796, 472444.192149158741813 ], [ 225328.996181182796136, 472617.757450996374246 ], [ 225297.058681148570031, 472884.235551156802103 ], [ 225294.730181141698267, 473178.106451332510915 ], [ 224605.869601242622593, 473258.107135460071731 ], [ 224909.527555056964047, 473269.257080569979735 ] ] ], [ [ [ 226260.862272386206314, 471006.554892116400879 ], [ 226622.818520912929671, 470660.918496890924871 ], [ 226363.040182153315982, 470865.240449916978832 ], [ 226207.550182010047138, 471073.490450049983338 ], [ 226103.416320135263959, 471290.611919941147789 ], [ 226260.862272386206314, 471006.554892116400879 ] ] ], [ [ [ 228079.595622993860161, 468751.928605105087627 ], [ 228498.566075782582629, 468607.310547675471753 ], [ 228153.275183818535879, 468634.695448541431688 ], [ 228073.182983744540252, 468716.367848593392409 ], [ 227888.550183573912363, 468987.750448754115496 ], [ 227860.772034579596948, 469117.526006306172349 ], [ 228079.595622993860161, 468751.928605105087627 ] ] ], [ [ [ 229134.215772010997171, 467519.388342438207474 ], [ 229035.990184636495542, 467727.070447972626425 ], [ 229019.161999998585088, 467955.288244005467277 ], [ 229134.215772010997171, 467519.388342438207474 ] ] ], [ [ [ 229694.487273046805058, 466645.955269629950635 ], [ 229849.298115887475433, 466548.244311435380951 ], [ 229670.469185236433987, 466613.698447288828902 ], [ 229622.272985187737504, 466749.581747370248195 ], [ 229226.740184817404952, 467323.760447725711856 ], [ 229162.110652006289456, 467460.409133803274017 ], [ 229694.487273046805058, 466645.955269629950635 ] ] ], [ [ [ 230592.665462746168487, 466079.05795200902503 ], [ 230595.522267522785114, 466045.778313156799413 ], [ 230593.624186085333349, 466045.952446924522519 ], [ 230573.127513444924261, 466091.389593077241443 ], [ 230592.665462746168487, 466079.05795200902503 ] ] ], [ [ [ 209572.842398926528404, 471786.134391536121257 ], [ 209570.126166938076494, 471781.57145076408051 ], [ 209490.809166867402382, 471827.704450795310549 ], [ 209495.954126089229248, 471838.434645552013535 ], [ 209572.842398926528404, 471786.134391536121257 ] ] ], [ [ [ 209919.394583497662097, 471550.405760706053115 ], [ 210000.708965972036822, 471544.29090127866948 ], [ 209856.33016720082378, 471541.658450618793722 ], [ 209808.811467157822335, 471555.645450625161175 ], [ 209787.754167141218204, 471535.73345061368309 ], [ 209629.833166995027568, 471735.220450734545011 ], [ 209582.236396277556196, 471779.744490585697349 ], [ 209919.394583497662097, 471550.405760706053115 ] ] ], [ [ [ 211496.806155939295422, 471431.784063890052494 ], [ 211576.32965001964476, 471616.195020335202571 ], [ 211691.294968867645366, 471257.515850416966714 ], [ 211029.555466506863013, 471466.921418393612839 ], [ 211496.806155939295422, 471431.784063890052494 ] ] ], [ [ [ 214488.474963896063855, 471414.424309763242491 ], [ 214446.740171360783279, 471379.120450446091127 ], [ 213158.985170195548562, 471398.257450478326064 ], [ 212847.487169911211822, 471555.935450582299381 ], [ 212426.140169529331615, 471631.111450634605717 ], [ 212066.085269203176722, 471528.823950574733317 ], [ 211817.549416250694776, 471700.107766609813552 ], [ 214488.474963896063855, 471414.424309763242491 ] ] ], [ [ [ 215252.429005425365176, 471332.711425011220854 ], [ 215393.704157344734995, 471375.635499891766813 ], [ 215404.13017222986673, 471294.720450380409602 ], [ 215274.911172112100758, 471298.015450385399163 ], [ 215066.505383608600823, 471352.597903328423854 ], [ 215252.429005425365176, 471332.711425011220854 ] ] ], [ [ [ 216031.969370795355644, 471569.561632290598936 ], [ 215808.160172593547031, 471469.080450476962142 ], [ 215694.091968348308001, 471466.903275700402446 ], [ 216031.969370795355644, 471569.561632290598936 ] ] ], [ [ [ 217369.406129544513533, 471232.991798751521856 ], [ 218712.757656804926228, 471262.68188873276813 ], [ 218826.191367974097375, 471282.505933107808232 ], [ 218762.38017527005286, 471253.960450301179662 ], [ 217226.220173880341463, 471218.930450306099374 ], [ 217194.860789299098542, 471385.574156680726446 ], [ 217369.406129544513533, 471232.991798751521856 ] ] ], [ [ [ 219904.20525324868504, 471470.903146584751084 ], [ 219974.340691206161864, 472042.044232613581698 ], [ 220009.080176394083537, 471435.270450385811273 ], [ 219630.559347724134568, 471423.079897937946953 ], [ 219904.20525324868504, 471470.903146584751084 ] ] ], [ [ [ 220710.674496487685246, 472896.542299635591917 ], [ 220708.32017700135475, 472885.720451241359115 ], [ 220601.63794178731041, 472823.437237662728876 ], [ 220710.674496487685246, 472896.542299635591917 ] ] ], [ [ [ 221924.55276812647935, 473087.166420516383369 ], [ 222591.173909193545114, 473412.344236655742861 ], [ 221910.180178084003273, 473060.640451327839401 ], [ 221453.656262665463146, 473062.704186549934093 ], [ 221924.55276812647935, 473087.166420516383369 ] ] ] ] } },
{ "type": "Feature", "properties": { "unit_id": 33, "unit_name": "Oldebroek", "heat_exposure_index_mean": 0.024829761807218683, "access_median": null, "population_sum": null, "vulnerability_score": null }, "geometry": { "type": "MultiPolygon", "coordinates": [ [ [ [ 191618.376302734483033, 498697.687864618841559 ], [ 192114.619849897921085, 498983.520948048681021 ], [ 192874.124638058652636, 499421.226920813787729 ], [ 192345.170151028083637, 498893.856467017903924 ], [ 192309.307050992239965, 498903.115567021421157 ], [ 192269.398850956000388, 498974.148267068900168 ], [ 192244.534150936524384, 498992.456467076262925 ], [ 191578.085150340630207, 498616.425466866698116 ], [ 191408.215772551426198, 499106.603168473404367 ], [ 191618.376302734483033, 498697.687864618841559 ] ] ], [ [ [ 193451.913602395623457, 499754.209259609226137 ], [ 193457.499057886278024, 499749.70013303932501 ], [ 193444.291855743824271, 499749.816813262063079 ], [ 193451.913602395623457, 499754.209259609226137 ] ] ], [ [ [ 194355.050578480644617, 499025.108662188518792 ], [ 194548.930297962622717, 499238.098223695997149 ], [ 194276.678152762237005, 498902.823067001590971 ], [ 194079.404314528044779, 499247.637316253618337 ], [ 194355.050578480644617, 499025.108662188518792 ] ] ], [ [ [ 196661.049778332497226, 501558.399713595921639 ], [ 196662.269434696761891, 501557.271452918939758 ], [ 196054.966154335357714, 500859.545468116702978 ], [ 195820.129617146594683, 500634.593877315870486 ], [ 196661.049778332497226, 501558.399713595921639 ] ] ] ] } },
{ "type": "Feature", "properties": { "unit_id": 34, "unit_name": "Voorst", "heat_exposure_index_mean": 0.0539428727142569, "access_median": null, "population_sum": null, "vulnerability_score": null }, "geometry": { "type": "MultiPolygon", "coordinates": [ [ [ [ 201794.612672512594145, 482736.033662339556031 ], [ 201790.324610657553421, 482722.115683372423518 ], [ 201793.050644077302422, 482735.926824561436661 ], [ 201794.612672512594145, 482736.033662339556031 ] ] ], [ [ [ 201380.460011654358823, 481391.79745076445397 ], [ 201799.216452374472283, 481302.81172648089705 ], [ 201682.026159664266743, 481246.458456543507054 ], [ 201318.787159335101023, 481312.476456587086432 ], [ 201286.36615930183325, 481584.11245674622478 ], [ 201373.830159376986558, 481713.985456825117581 ], [ 201488.203055457852315, 481741.504490496707149 ], [ 201380.460011654358823, 481391.79745076445397 ] ] ], [ [ [ 202479.068309274705825, 480630.164987357449718 ], [ 202311.339160241943318, 480664.649456187733449 ], [ 202247.126647946162848, 481098.01306665095035 ], [ 202479.068309274705825, 480630.164987357449718 ] ] ], [ [ [ 202634.912622180505423, 479543.068112067063339 ], [ 202536.268160458712373, 479516.828455500653945 ], [ 202524.152160446596099, 479582.973455537401605 ], [ 202540.550160463288194, 479588.252455547510181 ], [ 202518.021160442003747, 479712.481455615663435 ], [ 202489.352160416630795, 479708.26245561405085 ], [ 202448.578160373435821, 480133.835455873108003 ], [ 202516.742102872522082, 480478.048575836990494 ], [ 202634.912622180505423, 479543.068112067063339 ] ] ], [ [ [ 203709.280308692163089, 479492.536974544229452 ], [ 204302.336488106346224, 478176.399339603609405 ], [ 204029.068161823728587, 478512.23245488415705 ], [ 203709.398161519027781, 479490.120455466327257 ], [ 203533.575161361019127, 479481.173455469426699 ], [ 203565.570161392854061, 479366.705455395567697 ], [ 203000.130160880391486, 479345.729455389955547 ], [ 202810.558160707791103, 479386.934455420181621 ], [ 202720.189987045247108, 479502.951672525086906 ], [ 203709.280308692163089, 479492.536974544229452 ] ] ], [ [ [ 204506.453530755825341, 476987.924389568914194 ], [ 204608.081362281169277, 476810.084769579349086 ], [ 204488.222162260615733, 476947.571453933662269 ], [ 204410.634162187052425, 477215.577454097976442 ], [ 204407.874806626175996, 477714.843482047494035 ], [ 204506.453530755825341, 476987.924389568914194 ] ] ], [ [ [ 205593.123360452213092, 475086.349332158104517 ], [ 205440.980163149331929, 475192.65545287320856 ], [ 205271.847162990976358, 475478.894453054352198 ], [ 205250.244052234396804, 475686.357469304464757 ], [ 205593.123360452213092, 475086.349332158104517 ] ] ], [ [ [ 205357.871717320522293, 474017.906537559756543 ], [ 206977.429968538344838, 473576.721209235722199 ], [ 206718.144164331606589, 473500.670451846322976 ], [ 206641.377164262405131, 473425.185451799246948 ], [ 206325.396163975063246, 473571.566451892023906 ], [ 206094.009163760725642, 473771.513452015584335 ], [ 205482.183163203852018, 473880.79445208737161 ], [ 205303.400163040671032, 473971.095452145091258 ], [ 205285.351163022103719, 474216.460452294326387 ], [ 205384.715163107030094, 474566.57645250618225 ], [ 205600.524748837546213, 474848.581758075626567 ], [ 205357.871717320522293, 474017.906537559756543 ] ] ], [ [ [ 206631.401505980757065, 472512.636916527699213 ], [ 206614.367373228713404, 471923.726053501188289 ], [ 206989.511433414649218, 471360.019630857452285 ], [ 207405.33194298230228, 471181.442009478341788 ], [ 206957.48516457885853, 471341.027450537658297 ], [ 206638.438164284976665, 471774.712450808496214 ], [ 206541.74216419068398, 472057.864450980094261 ], [ 206541.963164187036455, 472383.362451174296439 ], [ 206572.951164214638993, 472534.841451264743228 ], [ 206737.78416436270345, 472642.655451328260824 ], [ 206862.342512579547474, 472742.267149446415715 ], [ 206631.401505980757065, 472512.636916527699213 ] ] ], [ [ [ 208115.53948032396147, 470322.425934547558427 ], [ 208324.730696900835028, 470548.125972765963525 ], [ 208264.419114974996774, 470713.525996585260145 ], [ 208398.37216589806485, 470577.276450056582689 ], [ 208323.875165832345374, 470371.25044993503252 ], [ 208178.453165704442654, 470220.937449846300296 ], [ 208089.218165620608488, 470212.50044984073611 ], [ 207988.843165528116515, 470314.156449906993657 ], [ 208042.234089196281275, 470532.127717428840697 ], [ 208115.53948032396147, 470322.425934547558427 ] ] ], [ [ [ 208151.445531493838644, 471391.560110507474747 ], [ 208375.840165864909068, 471310.294450499291997 ], [ 208337.989165832463186, 471205.247450438793749 ], [ 208129.772582214529393, 471302.253949879901484 ], [ 208151.445531493838644, 471391.560110507474747 ] ] ] ] } },
{ "type": "Feature", "properties": { "unit_id": 35, "unit_name": "Dronten", "heat_exposure_index_mean": null, "access_median": null, "population_sum": null, "vulnerability_score": null }, "geometry": { "type": "Polygon", "coordinates": [ [ [ 187331.949113127426244, 503739.375259004416876 ], [ 187328.439746465010103, 503738.150969867128879 ], [ 187283.640546425885987, 503799.24696990463417 ], [ 187274.526246415014612, 503936.033169985807035 ], [ 187286.412363097595517, 503951.633690998831298 ], [ 187331.949113127426244, 503739.375259004416876 ] ] ] } },
{ "type": "Feature", "properties": { "unit_id": 36, "unit_name": "Steenwijkerland", "heat_exposure_index_mean": 0.020614785679464821, "access_median": 4019.8193496273834, "population_sum": 45365.734, "vulnerability_score": 0.20326443997128602 }, "geometry": { "type": "Polygon", "coordinates": [ [ [ 206528.912612233689288, 521947.219316160073504 ], [ 204540.794198699964909, 520302.704795213241596 ], [ 203277.22051585407462, 519605.32598230370786 ], [ 202924.712045813037548, 519877.174462904338725 ], [ 202250.068751450802665, 519739.419220245908946 ], [ 200206.005777532845968, 518328.959915304090828 ], [ 199084.009537873585941, 518173.490475233469624 ], [ 198041.031151099159615, 517342.980194990406744 ], [ 197766.675295250781346, 517445.407843596825842 ], [ 197735.130155625956831, 517493.948277592950035 ], [ 197660.95485556111089, 517508.928477599460166 ], [ 197634.140287460497348, 517504.943419662828092 ], [ 197516.497924287657952, 517639.266328762110788 ], [ 197443.387755363306496, 517796.385077765444294 ], [ 197437.656855357461609, 517802.397977773973253 ], [ 197318.662355249427492, 517927.246577844955027 ], [ 197305.022455238096882, 517941.557677848497406 ], [ 197238.191555175173562, 518015.435577890602872 ], [ 197206.434155147755519, 518053.869477911735885 ], [ 197186.630255130061414, 518077.837677928386256 ], [ 197155.538755102461437, 518115.465777950710617 ], [ 197005.234154965583002, 518297.372478056699038 ], [ 196988.679854947811691, 518317.407078065909445 ], [ 196970.619954934489215, 518339.263778083201032 ], [ 196964.536954928364139, 518346.625678079028148 ], [ 196904.415454873582348, 518403.956078120565508 ], [ 196891.886454862949904, 518413.134478120715357 ], [ 196882.84525485400809, 518419.757778124010656 ], [ 196844.418154820479685, 518447.908478143741377 ], [ 196802.121254781872267, 518478.894478162168525 ], [ 196660.06325465181726, 518582.963978221756406 ], [ 196645.738754640420666, 518593.457878225948662 ], [ 196641.764254636247642, 518596.369578229612671 ], [ 196433.770154447993264, 518748.740478312538471 ], [ 196256.447254288214026, 518793.396378342469689 ], [ 196222.531854259170359, 518801.937378350412473 ], [ 196129.584854175482178, 518825.344278368575033 ], [ 195908.337853975885082, 518881.061178398202173 ], [ 195844.638153920706827, 518897.10277840832714 ], [ 195812.008553891762858, 518905.319978413754143 ], [ 195689.995245894766413, 518936.046903297945391 ], [ 195416.905413796310313, 519044.322037608420942 ], [ 195174.812100985262077, 519258.536163923155982 ], [ 195076.250153228407726, 519389.470478693430778 ], [ 194784.23459314336651, 519604.135216739028692 ], [ 194705.298944109032163, 519673.980727532471064 ], [ 194481.23015269098687, 519906.880478990089614 ], [ 194211.940152449824382, 520059.540479082847014 ], [ 194084.920152337523177, 520011.140479056455661 ], [ 193955.22015221833135, 520037.250479072099552 ], [ 193869.235052143048961, 520136.512179132958408 ], [ 193623.740151920297649, 520191.650479165895376 ], [ 193342.780151672544889, 520174.370479157543741 ], [ 192499.940150916576385, 520484.150479340401944 ], [ 192399.070150825893506, 520473.350479339191224 ], [ 192384.766316554625519, 520367.836635721498169 ], [ 192024.326932667201618, 520446.542086219356861 ], [ 192094.175770065601682, 521148.290532504557632 ], [ 193137.05709274293622, 522108.563940186810214 ], [ 193158.080151481524808, 522095.550480236473959 ], [ 193241.100151558435755, 522128.260480254888535 ], [ 193531.768479221384041, 522472.009751232340932 ], [ 193748.166077656467678, 522671.266229169850703 ], [ 193869.79015210972284, 522701.92048056749627 ], [ 194073.180152287124656, 523061.750480761460494 ], [ 194046.810152256482979, 523566.150481042743195 ], [ 193648.765151895728195, 524203.833481410634704 ], [ 193460.608752626460046, 524195.235992923378944 ], [ 193425.644417817791691, 524233.828452721354552 ], [ 193379.78110907561495, 524363.933688541408628 ], [ 193395.970151664107107, 524580.000481624854729 ], [ 193174.949151464476017, 524980.475881845341064 ], [ 193111.170151406753575, 525096.040481910458766 ], [ 192947.004401010402944, 525191.162933352985419 ], [ 192517.11857162907836, 525545.764798468211666 ], [ 192363.713555650552735, 525961.459957040613517 ], [ 192041.350150429207133, 527127.810483059147373 ], [ 191668.178450084116776, 528163.708383635152131 ], [ 191096.679149561095983, 529448.448484353488311 ], [ 190020.440148590743775, 530570.730484987725504 ], [ 189739.87588237968157, 530558.604278059559874 ], [ 189240.711161131155677, 530971.192912052385509 ], [ 189232.650147882348392, 530988.9004852254875 ], [ 189115.48922761157155, 531074.696113095036708 ], [ 188471.50520639368915, 531606.986309731611982 ], [ 188251.682147001934936, 531867.650485718389973 ], [ 187040.945145916513866, 532742.089486220502295 ], [ 186243.170145204669097, 533127.301586436340585 ], [ 185953.917949471913744, 533120.819409408606589 ], [ 185758.701199450122658, 533128.357164546032436 ], [ 185657.270144680922385, 533191.190486478153616 ], [ 185366.720144421968143, 533176.630486473324709 ], [ 185281.543144348222995, 533244.114586514770053 ], [ 184748.110143872065237, 533230.840486508212052 ], [ 184421.706793035613373, 533179.981507510994561 ], [ 184188.639958231098717, 533188.980739038088359 ], [ 184112.00041567455628, 533296.667683137580752 ], [ 184106.480143300344935, 533459.580486638704315 ], [ 183745.024036024464294, 533812.309655453078449 ], [ 182521.222921807813691, 535531.884143757401034 ], [ 182510.988138240820263, 535551.279955064994283 ], [ 183487.813387539994437, 536357.763547944487073 ], [ 184002.732227570639225, 536700.107001046999358 ], [ 184160.100143317802576, 536758.497488453984261 ], [ 184170.641843325400259, 536716.821588428108953 ], [ 184198.863143353897613, 536610.929488373571075 ], [ 184337.518143475346733, 536518.203488320461474 ], [ 184460.104143585369457, 536317.26448820612859 ], [ 184653.343335343583021, 536327.514613477978855 ], [ 185339.022177811682923, 535715.437596318428405 ], [ 185270.696144313376863, 535505.176487753982656 ], [ 185428.667144454579102, 535505.317487751832232 ], [ 185563.72393938631285, 535603.716965882806107 ], [ 185721.464425456186291, 535568.912749356939457 ], [ 185776.538144764082972, 535405.740587694919668 ], [ 186066.620464025472756, 535492.756742735509761 ], [ 187441.422264000051655, 535189.417373631848022 ], [ 187469.908146271656733, 535160.092487541027367 ], [ 187984.696146730042528, 534955.308487422415055 ], [ 188206.21614692590083, 534995.517487444216385 ], [ 188323.658959841413889, 535173.810674385749735 ], [ 188872.925434248318197, 535470.600216306280345 ], [ 189136.157147749006981, 535567.27048774890136 ], [ 189435.221148011856712, 535738.569487834000029 ], [ 189488.123855998943327, 535867.62462933990173 ], [ 189933.098746487870812, 536313.340727559872903 ], [ 190152.117148638673825, 536401.220488192862831 ], [ 190378.19814883658546, 536670.36148833646439 ], [ 190450.714141677541193, 536831.818329900619574 ], [ 190860.590873636509059, 537242.377805558149703 ], [ 190872.91361705691088, 537279.889606090495363 ], [ 191196.948049555445323, 537508.080188786494546 ], [ 191109.04714946981403, 537945.427489029592834 ], [ 191341.93214967683889, 538020.340489067486487 ], [ 191160.775017493433552, 538156.171702189953066 ], [ 191198.406685707042925, 538270.726682649110444 ], [ 191302.520511485432507, 538380.29007792333141 ], [ 191377.775149702705676, 538398.222489267122 ], [ 191589.025149890454486, 538375.297489249380305 ], [ 191624.582149920635857, 538474.718489306746051 ], [ 191459.728521710378118, 538545.726735694683157 ], [ 191657.174805671354989, 538753.507835786906071 ], [ 191813.750647630775347, 538794.995423938962631 ], [ 191848.893640624388354, 538804.311186040518805 ], [ 192118.311150356486905, 538827.238589496118948 ], [ 192372.741150580957765, 538894.485489527927712 ], [ 192479.473189486830961, 538971.466244927258231 ], [ 192628.979727364261635, 539011.097682686289772 ], [ 193041.736792654526653, 538794.236090263933875 ], [ 193317.271151423425181, 538597.589489354635589 ], [ 193388.297151481441688, 538732.592489428818226 ], [ 193346.661054054711713, 538919.721553550800309 ], [ 193509.978367188887205, 539297.161329434486106 ], [ 194203.10259214360849, 539590.970855576801114 ], [ 194438.851389560382813, 539477.796848165453412 ], [ 194477.033422123262426, 539395.44780192989856 ], [ 194690.076152638095664, 538777.030489437631331 ], [ 194970.112921943364199, 538331.999268602347001 ], [ 194984.779884418967413, 538300.366317447973415 ], [ 195187.454862393235089, 537863.447435716283508 ], [ 195390.642153277498437, 537347.906488650478423 ], [ 195396.091453281231225, 537331.163488637423143 ], [ 195484.131634262594162, 537353.512327609700151 ], [ 196000.313206126942532, 536903.239117847522721 ], [ 196077.344153893995099, 536764.697488321689889 ], [ 196250.310154044971569, 536804.941488340264186 ], [ 196592.442747848370345, 537019.728514822199941 ], [ 197007.481452992680715, 537145.026769173913635 ], [ 197877.175757357937982, 537407.776005132007413 ], [ 198214.27595687835128, 537044.19192560412921 ], [ 198415.571155968384119, 536610.186488198698498 ], [ 198887.505656383815221, 536917.484488366637379 ], [ 199242.828156697505619, 537131.325488477479666 ], [ 199310.824156757065793, 537148.050488485838287 ], [ 199474.412156900303671, 537235.768488528905436 ], [ 199579.815156992874108, 537349.936488587874919 ], [ 199762.100958847498987, 537529.660816042916849 ], [ 200034.867788507166551, 537713.972286555333994 ], [ 200201.318157536035869, 537790.674488822231069 ], [ 200344.506157662835903, 537866.107488863053732 ], [ 200299.919157621014165, 537942.146488906117156 ], [ 200177.073435962607618, 538150.836999066639692 ], [ 200136.439819479099242, 538345.42362586047966 ], [ 199972.126290499261813, 539132.491982218576595 ], [ 201475.616893177939346, 539293.611140355933458 ], [ 201749.754158886556979, 539283.111489612958394 ], [ 201903.754159021598753, 539368.574489657999948 ], [ 201997.092028143175412, 539505.032659463468008 ], [ 204198.320463311800268, 540940.257209548726678 ], [ 204347.983161158044823, 541031.75349052331876 ], [ 204373.251079777546693, 541002.234218841185793 ], [ 205007.405868813948473, 540131.800349892233498 ], [ 205075.957161820231704, 539888.240489890682511 ], [ 205509.016162213170901, 539341.247489589033648 ], [ 205852.623702089127619, 538971.663674364914186 ], [ 206264.648200167255709, 538406.123392774024978 ], [ 206417.741911333432654, 538196.146041894098744 ], [ 206381.766163004969712, 538186.55538894678466 ], [ 206357.184162984718569, 538180.002488939324394 ], [ 206404.472163026104681, 538149.50448892544955 ], [ 206527.927963137219194, 538070.159588881535456 ], [ 206558.062524860550184, 538050.782756696804427 ], [ 207281.607982759305742, 537408.28177115379367 ], [ 207869.898464348487323, 536733.144188126549125 ], [ 207937.576164409401827, 536776.56618814310059 ], [ 208108.064180843735812, 536674.528139647562057 ], [ 208318.089044754742645, 536488.131321981432848 ], [ 209846.678261578083038, 534441.23395421274472 ], [ 209372.810645069053862, 533521.886153978761286 ], [ 208020.093981186335441, 532039.464844875503331 ], [ 207896.537716958933743, 531809.422357720439322 ], [ 207669.70180408397573, 531387.155650475760922 ], [ 207503.900365675159264, 531316.196249435422942 ], [ 207424.82016404683236, 531296.980485150706954 ], [ 207385.191322741797194, 531265.391367008211091 ], [ 205411.219079440284986, 530420.574280985398218 ], [ 205309.646162184304558, 530408.766484691062942 ], [ 204897.41716181935044, 530200.481484582298435 ], [ 204580.865161541762063, 529905.224484424805269 ], [ 204536.587887641246198, 529653.999467789544724 ], [ 204533.570653645263519, 529650.380644363351166 ], [ 204535.219311956199817, 529646.23430026776623 ], [ 204502.907361482415581, 529462.899384176707827 ], [ 204967.819061912159668, 528357.201083559775725 ], [ 205109.102162043331191, 528109.870583420270123 ], [ 205375.282062289799796, 527374.594083013478667 ], [ 205858.098062738426961, 526151.740282324492 ], [ 206046.032062913378468, 525704.552182070561685 ], [ 206134.34066299663391, 525476.080381944542751 ], [ 206654.819163477717666, 524214.926481229369529 ], [ 206694.337163518415764, 524072.266481151164044 ], [ 206657.477163486444624, 524047.342481140745804 ], [ 206823.434163640020415, 523599.572980889992323 ], [ 207018.14116382173961, 523002.992480543325655 ], [ 207157.224944174144184, 523059.212454267893918 ], [ 207172.435617514216574, 523021.012716433033347 ], [ 207077.264395446691196, 522862.172586679749656 ], [ 206528.912612233689288, 521947.219316160073504 ] ] ] } },
{ "type": "Feature", "properties": { "unit_id": 37, "unit_name": "Hof van Twente", "heat_exposure_index_mean": 0.033538036968779099, "access_median": 3368.8319369390747, "population_sum": 37374.129, "vulnerability_score": 0.17931682398438104 }, "geometry": { "type": "Polygon", "coordinates": [ [ [ 245215.015817910607439, 480442.585531386139337 ], [ 247493.677638529101387, 478099.339747883321252 ], [ 247903.246023916348349, 477127.634768194402568 ], [ 248201.378973025421146, 474788.62426589144161 ], [ 246379.666201501502655, 474665.814156775770243 ], [ 246036.385084527952131, 474274.68085312488256 ], [ 246065.147653072956018, 473220.333312189031858 ], [ 245827.677866349549731, 473172.053517458261922 ], [ 245511.03613580588717, 471751.281114847399294 ], [ 244911.453522523806896, 470765.796709366317373 ], [ 245575.983857076091226, 469527.902425273903646 ], [ 244583.420819052087609, 468462.931144559115637 ], [ 242750.974273928091861, 468493.493234413210303 ], [ 240108.265003866021289, 467527.080527825863101 ], [ 240930.282462589093484, 466468.217715760867577 ], [ 241042.627736518799793, 465870.222209877101704 ], [ 240730.639821732853306, 465217.977612195769325 ], [ 240557.385592785227345, 465334.688432855647989 ], [ 240345.610194913955638, 465626.080446450447198 ], [ 240083.812194674508646, 465728.968446520157158 ], [ 240037.818791393801803, 465684.688938738661818 ], [ 240021.980419555999106, 465695.358285087859258 ], [ 239921.546263928408735, 465610.055986576538999 ], [ 239729.262194354960229, 465651.345446480379906 ], [ 239692.002194324159063, 465614.285446457506623 ], [ 239780.778194407059345, 465536.232446415233426 ], [ 239759.459962819877546, 465472.390329357062001 ], [ 238774.455759084637975, 464635.791245142230764 ], [ 238609.697193365253042, 464813.771446000377182 ], [ 238599.044464730628533, 464808.923140180646442 ], [ 238283.247572961379774, 465124.164304067147896 ], [ 238260.358823023649165, 465498.335454307263717 ], [ 238386.647193143726327, 465614.118446489155758 ], [ 238393.48019314854173, 465693.610446538426913 ], [ 237682.48119248621515, 466433.168447003525216 ], [ 237333.459192164445994, 466697.596047172090039 ], [ 237256.205192093446385, 466721.263447189470753 ], [ 237122.273191973741632, 466665.940647160459775 ], [ 236915.700491790630622, 466609.022247127140872 ], [ 235341.729872273921501, 466212.100584988133051 ], [ 234927.251949049241375, 466120.471469117095694 ], [ 233527.772837393800728, 466315.486737812985666 ], [ 232313.204787628608756, 466505.902847164310515 ], [ 232012.290187356702518, 466497.16044716903707 ], [ 231696.003398028056836, 466370.761486096074805 ], [ 230592.665462746168487, 466079.05795200902503 ], [ 230573.127513444924261, 466091.389593077241443 ], [ 230469.430185965029523, 466321.266447092173621 ], [ 229849.298115887475433, 466548.244311435380951 ], [ 229694.487273046805058, 466645.955269629950635 ], [ 229162.110652006289456, 467460.409133803274017 ], [ 229134.215772010997171, 467519.388342438207474 ], [ 229019.161999998585088, 467955.288244005467277 ], [ 228990.160184583335649, 468348.600448348093778 ], [ 229043.374184630345553, 468471.550348422024399 ], [ 228826.270184429624351, 468581.320448493817821 ], [ 228498.566075782582629, 468607.310547675471753 ], [ 228079.595622993860161, 468751.928605105087627 ], [ 227860.772034579596948, 469117.526006306172349 ], [ 227833.826983518199995, 469243.409448916907422 ], [ 227383.730183096922701, 469940.500449345679954 ], [ 226943.340182688349159, 470408.820449633349199 ], [ 226622.818520912929671, 470660.918496890924871 ], [ 226260.862272386206314, 471006.554892116400879 ], [ 226103.416320135263959, 471290.611919941147789 ], [ 225688.630181516928133, 472155.450450712291058 ], [ 225464.014651118806796, 472444.192149158741813 ], [ 225391.479873552452773, 472575.056188753689639 ], [ 225312.744415736931842, 473188.004038509621751 ], [ 226437.192387124639936, 474379.360942247440107 ], [ 230003.236369734979235, 476877.595539540925529 ], [ 232371.802149360417388, 477839.913472532411106 ], [ 234615.505847742198966, 477894.718551274039783 ], [ 235680.854873362113722, 476449.985237054468598 ], [ 238032.59927633497864, 476578.432327990944032 ], [ 239530.257445729221217, 478720.885911369638052 ], [ 242150.683853367518168, 479664.647231528710108 ], [ 243908.145741069980431, 480843.89816435938701 ], [ 245215.015817910607439, 480442.585531386139337 ] ] ] } },
{ "type": "Feature", "properties": { "unit_id": 38, "unit_name": "Dalfsen", "heat_exposure_index_mean": 0.030667588000416659, "access_median": 4589.7037028735904, "population_sum": 28087.91, "vulnerability_score": 0.23673961504103758 }, "geometry": { "type": "Polygon", "coordinates": [ [ [ 212469.003385998861631, 511599.644037460559048 ], [ 217048.826802012597909, 512564.816903455473948 ], [ 218178.524729695782298, 512807.214352844923269 ], [ 218438.943359602650162, 512080.844645640871022 ], [ 218580.750119388918392, 511675.117567083681934 ], [ 219798.408033224084647, 508194.071784993924666 ], [ 221028.37896237737732, 504665.449093615752645 ], [ 219987.453621475608088, 504089.744689671439119 ], [ 219852.871493566723075, 504070.226225511753 ], [ 219149.745801323908381, 504099.554790784488432 ], [ 219904.301460172893712, 500175.120643793838099 ], [ 219977.611452506505884, 499794.151689895894378 ], [ 219961.284625520725967, 497166.914254953968339 ], [ 222176.109650269034319, 496915.334636680199765 ], [ 221951.411098361655604, 496162.690406496578362 ], [ 222729.337920101126656, 495022.90525453427108 ], [ 222556.019016107049538, 494009.837875851546414 ], [ 219320.70267254934879, 493557.139186876709573 ], [ 218296.918793688178994, 494205.303962467238307 ], [ 217451.792184028483462, 494208.456045348430052 ], [ 216653.773918060585856, 494621.17027588665951 ], [ 216319.525323416892206, 495610.774460468324833 ], [ 215711.847155939089134, 495982.167864343966357 ], [ 215515.119756722997408, 496783.275602072128095 ], [ 215220.673509922809899, 497070.216230202349834 ], [ 212776.943085192673607, 497826.714737947448157 ], [ 208260.558623876306228, 498227.257170522178058 ], [ 207679.208736299391603, 498794.249958987871651 ], [ 208251.720063500892138, 499043.45645321009215 ], [ 209597.273611611308297, 499629.520000837510452 ], [ 210177.370489151449874, 500754.177632230159361 ], [ 210114.154750703193713, 501099.178930751455482 ], [ 209385.686989756359253, 501702.543029587715864 ], [ 208504.367260767758125, 503605.723713940184098 ], [ 209289.96430271549616, 504296.807669820613228 ], [ 209613.514113831799477, 505126.217080384900328 ], [ 209533.13258865068201, 505917.822384151106235 ], [ 210766.596700251597213, 509084.303635181277059 ], [ 210227.867830340692308, 511129.032414737041108 ], [ 212469.003385998861631, 511599.644037460559048 ] ] ] } },
{ "type": "Feature", "properties": { "unit_id": 39, "unit_name": "Raalte", "heat_exposure_index_mean": 0.041907194910340936, "access_median": 2569.6659077033382, "population_sum": 37126.504, "vulnerability_score": 0.14617328915967182 }, "geometry": { "type": "Polygon", "coordinates": [ [ [ 212627.595141911675455, 484008.526138207758777 ], [ 211888.415989376720972, 484677.538320224557538 ], [ 210265.948135572922183, 485289.968793521518819 ], [ 209622.76744456437882, 487001.78069194580894 ], [ 209754.353676279773936, 487649.05403861409286 ], [ 210390.444882215757389, 487620.559024066023994 ], [ 210481.196070248144679, 488451.135880786925554 ], [ 210807.216506268508965, 488952.255900077230763 ], [ 211655.426296893419931, 489056.767263035755605 ], [ 212353.350482076551998, 489645.375158355163876 ], [ 212394.849486576305935, 490303.90201889135642 ], [ 211907.921476335468469, 491552.468129704066087 ], [ 212248.510653317760443, 493054.510242404357996 ], [ 208753.789570049149916, 494147.757417685410473 ], [ 208296.512295152584556, 494906.688012642029207 ], [ 207557.651840492821066, 496133.532033103576396 ], [ 207162.810176134458743, 496434.108102269587107 ], [ 206526.568005913984962, 498045.418557591561694 ], [ 207679.208736299391603, 498794.249958987871651 ], [ 208260.558623876306228, 498227.257170522178058 ], [ 212776.943085192673607, 497826.714737947448157 ], [ 215220.673509922809899, 497070.216230202349834 ], [ 215515.119756722997408, 496783.275602072128095 ], [ 215711.847155939089134, 495982.167864343966357 ], [ 216319.525323416892206, 495610.774460468324833 ], [ 216653.773918060585856, 494621.17027588665951 ], [ 217451.792184028483462, 494208.456045348430052 ], [ 218296.918793688178994, 494205.303962467238307 ], [ 219320.70267254934879, 493557.139186876709573 ], [ 222556.019016107049538, 494009.837875851546414 ], [ 223246.276488732226426, 493834.742356282193214 ], [ 224149.657949126791209, 492287.155458640481811 ], [ 223234.103304535179632, 488794.764120058040135 ], [ 221129.279336066916585, 488107.18364807247417 ], [ 220262.274893654714106, 487396.774605057900771 ], [ 219536.060956748260651, 485406.407025041116867 ], [ 220163.877312875556527, 483162.711362976639066 ], [ 221042.36110705966712, 481588.219833619776182 ], [ 220161.821106244547991, 480657.696769142115954 ], [ 219075.854635494819377, 479715.814872823073529 ], [ 217667.711196858406765, 479577.250113816233352 ], [ 215031.858434105204651, 479570.795418860041536 ], [ 212820.552997752703959, 481050.518114869308192 ], [ 212830.396513542626053, 481663.138606454944238 ], [ 212627.595141911675455, 484008.526138207758777 ] ] ] } },
{ "type": "Feature", "properties": { "unit_id": 40, "unit_name": "Zwolle", "heat_exposure_index_mean": 0.21645866668795755, "access_median": 1978.3583941150589, "population_sum": 132352.11, "vulnerability_score": 0.39659902286982385 }, "geometry": { "type": "Polygon", "coordinates": [ [ [ 206526.568005913984962, 498045.418557591561694 ], [ 207162.810176134458743, 496434.108102269587107 ], [ 206699.397939933085581, 495533.180725946498569 ], [ 206123.157534592202865, 495192.320833482954185 ], [ 204132.58709156740224, 495000.034733199689072 ], [ 203897.972771674627438, 495154.256105763663072 ], [ 203818.441995483444771, 495211.764048960816581 ], [ 203798.803133437701035, 495234.314299377670977 ], [ 203621.286374170304043, 495565.380689014622476 ], [ 203601.899593087029643, 495827.593609498057049 ], [ 203667.110724484955426, 496139.414996519742999 ], [ 203683.989460668643005, 496422.371636827359907 ], [ 203693.118161261081696, 496485.535465474647935 ], [ 203554.128161113825627, 497862.129466281505302 ], [ 203542.914283479010919, 497889.814905713603366 ], [ 203538.281395227269968, 497934.047984867007472 ], [ 203420.45021514504333, 498243.563959395920392 ], [ 203125.744543581764447, 498637.641821630124468 ], [ 202908.051886196539272, 498869.358851313008927 ], [ 202710.922711970022647, 499006.791267016786151 ], [ 202697.913160327851074, 499018.121466963901184 ], [ 202689.649900179210817, 499021.622019109665416 ], [ 202581.334702891821507, 499097.136053392256144 ], [ 202372.719784280488966, 499205.89513567276299 ], [ 201750.725512290722691, 499436.788486060569994 ], [ 201374.864885793329449, 499698.387814740650356 ], [ 201231.528717762732413, 499838.031461570004467 ], [ 201035.96898269909434, 500086.993746785214171 ], [ 200958.757388625410385, 500208.411624307394959 ], [ 200628.036286795861088, 501008.879477521230001 ], [ 200580.856158396985848, 501133.593468212289736 ], [ 200569.958328971551964, 501149.449698052951135 ], [ 200519.261030546331313, 501272.155982622294687 ], [ 200280.806719539687037, 501568.334251895546913 ], [ 200121.517539972177474, 501692.09503108082572 ], [ 199743.714657633652678, 502000.235768725455273 ], [ 199595.405504103837302, 502100.861249066365417 ], [ 199501.060701753682224, 502174.163065816508606 ], [ 199459.453999630932231, 502193.102254527329933 ], [ 199355.771157284383662, 502263.449468882754445 ], [ 198632.656932455603965, 502569.456660954281688 ], [ 198491.531045070354594, 502633.696547241997905 ], [ 197805.637333262799075, 503206.16183010826353 ], [ 197628.540048400347587, 503736.079087561636698 ], [ 197882.024385595228523, 504406.730917948822025 ], [ 198591.165389889094513, 504612.802640324516688 ], [ 198609.656023501825985, 505706.109198237361852 ], [ 197271.853048906254116, 506481.907302263716701 ], [ 197121.19164303469006, 506569.314845173386857 ], [ 196881.574926815461367, 507067.763702829077374 ], [ 197264.905961551470682, 507288.395463947730605 ], [ 198794.923565493954811, 508169.516223342798185 ], [ 200760.906332570011728, 508994.125503461575136 ], [ 201309.795113111089449, 508162.53646560938796 ], [ 202598.971829583926592, 507431.827109727018978 ], [ 203507.286554097081535, 508973.49119206215255 ], [ 203832.582127801520983, 509096.60163898213068 ], [ 204078.245069697441068, 508446.679446763650049 ], [ 204585.957667997252429, 508028.911700759781525 ], [ 206135.985504425305407, 507504.467160680447705 ], [ 207788.417292520869523, 508950.934292234596796 ], [ 207156.366849373560399, 510665.690044443123043 ], [ 206531.855338094639592, 511027.580190737615339 ], [ 208118.660480401187669, 511325.99002226209268 ], [ 208708.615537508419948, 511437.075382911541965 ], [ 210227.867830340692308, 511129.032414737041108 ], [ 210766.596700251597213, 509084.303635181277059 ], [ 209533.13258865068201, 505917.822384151106235 ], [ 209613.514113831799477, 505126.217080384900328 ], [ 209289.96430271549616, 504296.807669820613228 ], [ 208504.367260767758125, 503605.723713940184098 ], [ 209385.686989756359253, 501702.543029587715864 ], [ 210114.154750703193713, 501099.178930751455482 ], [ 210177.370489151449874, 500754.177632230159361 ], [ 209597.273611611308297, 499629.520000837510452 ], [ 208251.720063500892138, 499043.45645321009215 ], [ 207679.208736299391603, 498794.249958987871651 ], [ 206526.568005913984962, 498045.418557591561694 ] ] ] } }
]
}
